array_file,array_index,curve_id,pair_id,split,kind,archetype,GT,truth_T1_observable,truth_T2_observable,common_start
development_score_arrays.npz,0,development_fast_respiratory_000_outbreak,development_fast_respiratory_000,development,outbreak,fast_respiratory,3.461472317054684,48.0,53.0,24
development_score_arrays.npz,1,development_fast_respiratory_000_no_outbreak,development_fast_respiratory_000,development,no_outbreak,fast_respiratory,3.461472317054684,,,24
development_score_arrays.npz,2,development_fast_respiratory_001_outbreak,development_fast_respiratory_001,development,outbreak,fast_respiratory,2.726219911360634,49.0,57.0,24
development_score_arrays.npz,3,development_fast_respiratory_001_no_outbreak,development_fast_respiratory_001,development,no_outbreak,fast_respiratory,2.726219911360634,,,24
development_score_arrays.npz,4,development_fast_respiratory_002_outbreak,development_fast_respiratory_002,development,outbreak,fast_respiratory,3.352974015878692,53.0,62.0,24
development_score_arrays.npz,5,development_fast_respiratory_002_no_outbreak,development_fast_respiratory_002,development,no_outbreak,fast_respiratory,3.352974015878692,,,24
development_score_arrays.npz,6,development_fast_respiratory_003_outbreak,development_fast_respiratory_003,development,outbreak,fast_respiratory,2.78883093284876,45.0,49.0,24
development_score_arrays.npz,7,development_fast_respiratory_003_no_outbreak,development_fast_respiratory_003,development,no_outbreak,fast_respiratory,2.78883093284876,,,24
development_score_arrays.npz,8,development_fast_respiratory_004_outbreak,development_fast_respiratory_004,development,outbreak,fast_respiratory,2.968156822934328,60.0,66.0,24
development_score_arrays.npz,9,development_fast_respiratory_004_no_outbreak,development_fast_respiratory_004,development,no_outbreak,fast_respiratory,2.968156822934328,,,24
development_score_arrays.npz,10,development_fast_respiratory_005_outbreak,development_fast_respiratory_005,development,outbreak,fast_respiratory,3.178006891235908,39.0,48.0,24
development_score_arrays.npz,11,development_fast_respiratory_005_no_outbreak,development_fast_respiratory_005,development,no_outbreak,fast_respiratory,3.178006891235908,,,24
development_score_arrays.npz,12,development_fast_respiratory_006_outbreak,development_fast_respiratory_006,development,outbreak,fast_respiratory,3.065897752489545,61.0,70.0,24
development_score_arrays.npz,13,development_fast_respiratory_006_no_outbreak,development_fast_respiratory_006,development,no_outbreak,fast_respiratory,3.065897752489545,,,24
development_score_arrays.npz,14,development_fast_respiratory_007_outbreak,development_fast_respiratory_007,development,outbreak,fast_respiratory,3.969042333639824,58.0,63.0,24
development_score_arrays.npz,15,development_fast_respiratory_007_no_outbreak,development_fast_respiratory_007,development,no_outbreak,fast_respiratory,3.969042333639824,,,24
development_score_arrays.npz,16,development_fast_respiratory_008_outbreak,development_fast_respiratory_008,development,outbreak,fast_respiratory,3.136946452563677,50.0,58.0,24
development_score_arrays.npz,17,development_fast_respiratory_008_no_outbreak,development_fast_respiratory_008,development,no_outbreak,fast_respiratory,3.136946452563677,,,24
development_score_arrays.npz,18,development_fast_respiratory_009_outbreak,development_fast_respiratory_009,development,outbreak,fast_respiratory,3.811389470904943,41.0,49.0,24
development_score_arrays.npz,19,development_fast_respiratory_009_no_outbreak,development_fast_respiratory_009,development,no_outbreak,fast_respiratory,3.811389470904943,,,24
development_score_arrays.npz,20,development_fast_respiratory_010_outbreak,development_fast_respiratory_010,development,outbreak,fast_respiratory,2.827744419434923,53.0,61.0,24
development_score_arrays.npz,21,development_fast_respiratory_010_no_outbreak,development_fast_respiratory_010,development,no_outbreak,fast_respiratory,2.827744419434923,,,24
development_score_arrays.npz,22,development_fast_respiratory_011_outbreak,development_fast_respiratory_011,development,outbreak,fast_respiratory,3.272645430597321,42.0,51.0,24
development_score_arrays.npz,23,development_fast_respiratory_011_no_outbreak,development_fast_respiratory_011,development,no_outbreak,fast_respiratory,3.272645430597321,,,24
development_score_arrays.npz,24,development_fast_respiratory_012_outbreak,development_fast_respiratory_012,development,outbreak,fast_respiratory,2.5967207851973475,61.0,66.0,24
development_score_arrays.npz,25,development_fast_respiratory_012_no_outbreak,development_fast_respiratory_012,development,no_outbreak,fast_respiratory,2.5967207851973475,,,24
development_score_arrays.npz,26,development_fast_respiratory_013_outbreak,development_fast_respiratory_013,development,outbreak,fast_respiratory,2.718033740816776,55.0,59.0,24
development_score_arrays.npz,27,development_fast_respiratory_013_no_outbreak,development_fast_respiratory_013,development,no_outbreak,fast_respiratory,2.718033740816776,,,24
development_score_arrays.npz,28,development_fast_respiratory_014_outbreak,development_fast_respiratory_014,development,outbreak,fast_respiratory,3.571874958827051,40.0,45.0,24
development_score_arrays.npz,29,development_fast_respiratory_014_no_outbreak,development_fast_respiratory_014,development,no_outbreak,fast_respiratory,3.571874958827051,,,24
development_score_arrays.npz,30,development_fast_respiratory_015_outbreak,development_fast_respiratory_015,development,outbreak,fast_respiratory,2.822922918315857,66.0,71.0,24
development_score_arrays.npz,31,development_fast_respiratory_015_no_outbreak,development_fast_respiratory_015,development,no_outbreak,fast_respiratory,2.822922918315857,,,24
development_score_arrays.npz,32,development_fast_respiratory_016_outbreak,development_fast_respiratory_016,development,outbreak,fast_respiratory,3.10601858904506,46.0,50.0,24
development_score_arrays.npz,33,development_fast_respiratory_016_no_outbreak,development_fast_respiratory_016,development,no_outbreak,fast_respiratory,3.10601858904506,,,24
development_score_arrays.npz,34,development_fast_respiratory_017_outbreak,development_fast_respiratory_017,development,outbreak,fast_respiratory,2.885487433376184,65.0,71.0,24
development_score_arrays.npz,35,development_fast_respiratory_017_no_outbreak,development_fast_respiratory_017,development,no_outbreak,fast_respiratory,2.885487433376184,,,24
development_score_arrays.npz,36,development_fast_respiratory_018_outbreak,development_fast_respiratory_018,development,outbreak,fast_respiratory,3.949301200872286,62.0,66.0,24
development_score_arrays.npz,37,development_fast_respiratory_018_no_outbreak,development_fast_respiratory_018,development,no_outbreak,fast_respiratory,3.949301200872286,,,24
development_score_arrays.npz,38,development_fast_respiratory_019_outbreak,development_fast_respiratory_019,development,outbreak,fast_respiratory,3.157928534270755,50.0,55.0,24
development_score_arrays.npz,39,development_fast_respiratory_019_no_outbreak,development_fast_respiratory_019,development,no_outbreak,fast_respiratory,3.157928534270755,,,24
development_score_arrays.npz,40,development_influenza_like_000_outbreak,development_influenza_like_000,development,outbreak,influenza_like,3.485295570842209,72.0,84.0,24
development_score_arrays.npz,41,development_influenza_like_000_no_outbreak,development_influenza_like_000,development,no_outbreak,influenza_like,3.485295570842209,,,24
development_score_arrays.npz,42,development_influenza_like_001_outbreak,development_influenza_like_001,development,outbreak,influenza_like,4.11060366396533,48.0,56.0,24
development_score_arrays.npz,43,development_influenza_like_001_no_outbreak,development_influenza_like_001,development,no_outbreak,influenza_like,4.11060366396533,,,24
development_score_arrays.npz,44,development_influenza_like_002_outbreak,development_influenza_like_002,development,outbreak,influenza_like,3.617359639806716,66.0,74.0,24
development_score_arrays.npz,45,development_influenza_like_002_no_outbreak,development_influenza_like_002,development,no_outbreak,influenza_like,3.617359639806716,,,24
development_score_arrays.npz,46,development_influenza_like_003_outbreak,development_influenza_like_003,development,outbreak,influenza_like,4.948649940496704,52.0,60.0,25
development_score_arrays.npz,47,development_influenza_like_003_no_outbreak,development_influenza_like_003,development,no_outbreak,influenza_like,4.948649940496704,,,25
development_score_arrays.npz,48,development_influenza_like_004_outbreak,development_influenza_like_004,development,outbreak,influenza_like,3.553299089531833,74.0,86.0,24
development_score_arrays.npz,49,development_influenza_like_004_no_outbreak,development_influenza_like_004,development,no_outbreak,influenza_like,3.553299089531833,,,24
development_score_arrays.npz,50,development_influenza_like_005_outbreak,development_influenza_like_005,development,outbreak,influenza_like,4.209696341807268,60.0,71.0,24
development_score_arrays.npz,51,development_influenza_like_005_no_outbreak,development_influenza_like_005,development,no_outbreak,influenza_like,4.209696341807268,,,24
development_score_arrays.npz,52,development_influenza_like_006_outbreak,development_influenza_like_006,development,outbreak,influenza_like,4.129850367401968,74.0,83.0,24
development_score_arrays.npz,53,development_influenza_like_006_no_outbreak,development_influenza_like_006,development,no_outbreak,influenza_like,4.129850367401968,,,24
development_score_arrays.npz,54,development_influenza_like_007_outbreak,development_influenza_like_007,development,outbreak,influenza_like,3.4519244456354343,56.0,62.0,24
development_score_arrays.npz,55,development_influenza_like_007_no_outbreak,development_influenza_like_007,development,no_outbreak,influenza_like,3.4519244456354343,,,24
development_score_arrays.npz,56,development_influenza_like_008_outbreak,development_influenza_like_008,development,outbreak,influenza_like,4.0361377319516505,60.0,67.0,24
development_score_arrays.npz,57,development_influenza_like_008_no_outbreak,development_influenza_like_008,development,no_outbreak,influenza_like,4.0361377319516505,,,24
development_score_arrays.npz,58,development_influenza_like_009_outbreak,development_influenza_like_009,development,outbreak,influenza_like,3.173406089960353,48.0,56.0,24
development_score_arrays.npz,59,development_influenza_like_009_no_outbreak,development_influenza_like_009,development,no_outbreak,influenza_like,3.173406089960353,,,24
development_score_arrays.npz,60,development_influenza_like_010_outbreak,development_influenza_like_010,development,outbreak,influenza_like,4.01545507804774,51.0,56.0,24
development_score_arrays.npz,61,development_influenza_like_010_no_outbreak,development_influenza_like_010,development,no_outbreak,influenza_like,4.01545507804774,,,24
development_score_arrays.npz,62,development_influenza_like_011_outbreak,development_influenza_like_011,development,outbreak,influenza_like,4.061767039149257,67.0,78.0,24
development_score_arrays.npz,63,development_influenza_like_011_no_outbreak,development_influenza_like_011,development,no_outbreak,influenza_like,4.061767039149257,,,24
development_score_arrays.npz,64,development_influenza_like_012_outbreak,development_influenza_like_012,development,outbreak,influenza_like,3.111646817378448,51.0,61.0,24
development_score_arrays.npz,65,development_influenza_like_012_no_outbreak,development_influenza_like_012,development,no_outbreak,influenza_like,3.111646817378448,,,24
development_score_arrays.npz,66,development_influenza_like_013_outbreak,development_influenza_like_013,development,outbreak,influenza_like,4.680996236925104,72.0,75.0,24
development_score_arrays.npz,67,development_influenza_like_013_no_outbreak,development_influenza_like_013,development,no_outbreak,influenza_like,4.680996236925104,,,24
development_score_arrays.npz,68,development_influenza_like_014_outbreak,development_influenza_like_014,development,outbreak,influenza_like,3.7356612181048265,69.0,73.0,24
development_score_arrays.npz,69,development_influenza_like_014_no_outbreak,development_influenza_like_014,development,no_outbreak,influenza_like,3.7356612181048265,,,24
development_score_arrays.npz,70,development_influenza_like_015_outbreak,development_influenza_like_015,development,outbreak,influenza_like,4.274064853347289,72.0,80.0,24
development_score_arrays.npz,71,development_influenza_like_015_no_outbreak,development_influenza_like_015,development,no_outbreak,influenza_like,4.274064853347289,,,24
development_score_arrays.npz,72,development_influenza_like_016_outbreak,development_influenza_like_016,development,outbreak,influenza_like,4.302765732547708,58.0,65.0,24
development_score_arrays.npz,73,development_influenza_like_016_no_outbreak,development_influenza_like_016,development,no_outbreak,influenza_like,4.302765732547708,,,24
development_score_arrays.npz,74,development_influenza_like_017_outbreak,development_influenza_like_017,development,outbreak,influenza_like,3.581761739667807,67.0,78.0,24
development_score_arrays.npz,75,development_influenza_like_017_no_outbreak,development_influenza_like_017,development,no_outbreak,influenza_like,3.581761739667807,,,24
development_score_arrays.npz,76,development_influenza_like_018_outbreak,development_influenza_like_018,development,outbreak,influenza_like,3.0089010783967702,68.0,78.0,24
development_score_arrays.npz,77,development_influenza_like_018_no_outbreak,development_influenza_like_018,development,no_outbreak,influenza_like,3.0089010783967702,,,24
development_score_arrays.npz,78,development_influenza_like_019_outbreak,development_influenza_like_019,development,outbreak,influenza_like,3.1698266664650294,64.0,70.0,24
development_score_arrays.npz,79,development_influenza_like_019_no_outbreak,development_influenza_like_019,development,no_outbreak,influenza_like,3.1698266664650294,,,24
development_score_arrays.npz,80,development_moderate_respiratory_000_outbreak,development_moderate_respiratory_000,development,outbreak,moderate_respiratory,6.49171100167705,53.0,65.0,33
development_score_arrays.npz,81,development_moderate_respiratory_000_no_outbreak,development_moderate_respiratory_000,development,no_outbreak,moderate_respiratory,6.49171100167705,,,33
development_score_arrays.npz,82,development_moderate_respiratory_001_outbreak,development_moderate_respiratory_001,development,outbreak,moderate_respiratory,5.390429984783866,51.0,63.0,27
development_score_arrays.npz,83,development_moderate_respiratory_001_no_outbreak,development_moderate_respiratory_001,development,no_outbreak,moderate_respiratory,5.390429984783866,,,27
development_score_arrays.npz,84,development_moderate_respiratory_002_outbreak,development_moderate_respiratory_002,development,outbreak,moderate_respiratory,4.88903504077734,65.0,72.0,25
development_score_arrays.npz,85,development_moderate_respiratory_002_no_outbreak,development_moderate_respiratory_002,development,no_outbreak,moderate_respiratory,4.88903504077734,,,25
development_score_arrays.npz,86,development_moderate_respiratory_003_outbreak,development_moderate_respiratory_003,development,outbreak,moderate_respiratory,4.795534099040602,58.0,65.0,24
development_score_arrays.npz,87,development_moderate_respiratory_003_no_outbreak,development_moderate_respiratory_003,development,no_outbreak,moderate_respiratory,4.795534099040602,,,24
development_score_arrays.npz,88,development_moderate_respiratory_004_outbreak,development_moderate_respiratory_004,development,outbreak,moderate_respiratory,5.9697272237472845,81.0,96.0,30
development_score_arrays.npz,89,development_moderate_respiratory_004_no_outbreak,development_moderate_respiratory_004,development,no_outbreak,moderate_respiratory,5.9697272237472845,,,30
development_score_arrays.npz,90,development_moderate_respiratory_005_outbreak,development_moderate_respiratory_005,development,outbreak,moderate_respiratory,5.04580721780179,57.0,64.0,26
development_score_arrays.npz,91,development_moderate_respiratory_005_no_outbreak,development_moderate_respiratory_005,development,no_outbreak,moderate_respiratory,5.04580721780179,,,26
development_score_arrays.npz,92,development_moderate_respiratory_006_outbreak,development_moderate_respiratory_006,development,outbreak,moderate_respiratory,5.4686724886957006,78.0,86.0,28
development_score_arrays.npz,93,development_moderate_respiratory_006_no_outbreak,development_moderate_respiratory_006,development,no_outbreak,moderate_respiratory,5.4686724886957006,,,28
development_score_arrays.npz,94,development_moderate_respiratory_007_outbreak,development_moderate_respiratory_007,development,outbreak,moderate_respiratory,4.623314711364716,59.0,70.0,24
development_score_arrays.npz,95,development_moderate_respiratory_007_no_outbreak,development_moderate_respiratory_007,development,no_outbreak,moderate_respiratory,4.623314711364716,,,24
development_score_arrays.npz,96,development_moderate_respiratory_008_outbreak,development_moderate_respiratory_008,development,outbreak,moderate_respiratory,6.46679577766753,62.0,72.0,33
development_score_arrays.npz,97,development_moderate_respiratory_008_no_outbreak,development_moderate_respiratory_008,development,no_outbreak,moderate_respiratory,6.46679577766753,,,33
development_score_arrays.npz,98,development_moderate_respiratory_009_outbreak,development_moderate_respiratory_009,development,outbreak,moderate_respiratory,6.438213781970962,73.0,82.0,33
development_score_arrays.npz,99,development_moderate_respiratory_009_no_outbreak,development_moderate_respiratory_009,development,no_outbreak,moderate_respiratory,6.438213781970962,,,33
development_score_arrays.npz,100,development_moderate_respiratory_010_outbreak,development_moderate_respiratory_010,development,outbreak,moderate_respiratory,6.30932928576322,83.0,93.0,32
development_score_arrays.npz,101,development_moderate_respiratory_010_no_outbreak,development_moderate_respiratory_010,development,no_outbreak,moderate_respiratory,6.30932928576322,,,32
development_score_arrays.npz,102,development_moderate_respiratory_011_outbreak,development_moderate_respiratory_011,development,outbreak,moderate_respiratory,5.293422160303195,51.0,62.0,27
development_score_arrays.npz,103,development_moderate_respiratory_011_no_outbreak,development_moderate_respiratory_011,development,no_outbreak,moderate_respiratory,5.293422160303195,,,27
development_score_arrays.npz,104,development_moderate_respiratory_012_outbreak,development_moderate_respiratory_012,development,outbreak,moderate_respiratory,5.587868470223103,69.0,78.0,28
development_score_arrays.npz,105,development_moderate_respiratory_012_no_outbreak,development_moderate_respiratory_012,development,no_outbreak,moderate_respiratory,5.587868470223103,,,28
development_score_arrays.npz,106,development_moderate_respiratory_013_outbreak,development_moderate_respiratory_013,development,outbreak,moderate_respiratory,5.97606604569204,73.0,80.0,30
development_score_arrays.npz,107,development_moderate_respiratory_013_no_outbreak,development_moderate_respiratory_013,development,no_outbreak,moderate_respiratory,5.97606604569204,,,30
development_score_arrays.npz,108,development_moderate_respiratory_014_outbreak,development_moderate_respiratory_014,development,outbreak,moderate_respiratory,4.323464425561818,83.0,99.0,24
development_score_arrays.npz,109,development_moderate_respiratory_014_no_outbreak,development_moderate_respiratory_014,development,no_outbreak,moderate_respiratory,4.323464425561818,,,24
development_score_arrays.npz,110,development_moderate_respiratory_015_outbreak,development_moderate_respiratory_015,development,outbreak,moderate_respiratory,4.577146806998751,56.0,68.0,24
development_score_arrays.npz,111,development_moderate_respiratory_015_no_outbreak,development_moderate_respiratory_015,development,no_outbreak,moderate_respiratory,4.577146806998751,,,24
development_score_arrays.npz,112,development_moderate_respiratory_016_outbreak,development_moderate_respiratory_016,development,outbreak,moderate_respiratory,4.2179105510085,63.0,68.0,24
development_score_arrays.npz,113,development_moderate_respiratory_016_no_outbreak,development_moderate_respiratory_016,development,no_outbreak,moderate_respiratory,4.2179105510085,,,24
development_score_arrays.npz,114,development_moderate_respiratory_017_outbreak,development_moderate_respiratory_017,development,outbreak,moderate_respiratory,5.119968693550505,79.0,90.0,26
development_score_arrays.npz,115,development_moderate_respiratory_017_no_outbreak,development_moderate_respiratory_017,development,no_outbreak,moderate_respiratory,5.119968693550505,,,26
development_score_arrays.npz,116,development_moderate_respiratory_018_outbreak,development_moderate_respiratory_018,development,outbreak,moderate_respiratory,4.3031095617296815,62.0,72.0,24
development_score_arrays.npz,117,development_moderate_respiratory_018_no_outbreak,development_moderate_respiratory_018,development,no_outbreak,moderate_respiratory,4.3031095617296815,,,24
development_score_arrays.npz,118,development_moderate_respiratory_019_outbreak,development_moderate_respiratory_019,development,outbreak,moderate_respiratory,5.771201834592238,66.0,75.0,29
development_score_arrays.npz,119,development_moderate_respiratory_019_no_outbreak,development_moderate_respiratory_019,development,no_outbreak,moderate_respiratory,5.771201834592238,,,29
development_score_arrays.npz,120,development_sparse_zoonotic_000_outbreak,development_sparse_zoonotic_000,development,outbreak,sparse_zoonotic,6.737037259888085,66.0,81.0,34
development_score_arrays.npz,121,development_sparse_zoonotic_000_no_outbreak,development_sparse_zoonotic_000,development,no_outbreak,sparse_zoonotic,6.737037259888085,,,34
development_score_arrays.npz,122,development_sparse_zoonotic_001_outbreak,development_sparse_zoonotic_001,development,outbreak,sparse_zoonotic,8.876371134154965,77.0,93.0,45
development_score_arrays.npz,123,development_sparse_zoonotic_001_no_outbreak,development_sparse_zoonotic_001,development,no_outbreak,sparse_zoonotic,8.876371134154965,,,45
development_score_arrays.npz,124,development_sparse_zoonotic_002_outbreak,development_sparse_zoonotic_002,development,outbreak,sparse_zoonotic,6.396062889195144,74.0,79.0,32
development_score_arrays.npz,125,development_sparse_zoonotic_002_no_outbreak,development_sparse_zoonotic_002,development,no_outbreak,sparse_zoonotic,6.396062889195144,,,32
development_score_arrays.npz,126,development_sparse_zoonotic_003_outbreak,development_sparse_zoonotic_003,development,outbreak,sparse_zoonotic,7.678440288698487,86.0,94.0,39
development_score_arrays.npz,127,development_sparse_zoonotic_003_no_outbreak,development_sparse_zoonotic_003,development,no_outbreak,sparse_zoonotic,7.678440288698487,,,39
development_score_arrays.npz,128,development_sparse_zoonotic_004_outbreak,development_sparse_zoonotic_004,development,outbreak,sparse_zoonotic,8.530398480226317,78.0,88.0,43
development_score_arrays.npz,129,development_sparse_zoonotic_004_no_outbreak,development_sparse_zoonotic_004,development,no_outbreak,sparse_zoonotic,8.530398480226317,,,43
development_score_arrays.npz,130,development_sparse_zoonotic_005_outbreak,development_sparse_zoonotic_005,development,outbreak,sparse_zoonotic,6.664485890116654,64.0,74.0,34
development_score_arrays.npz,131,development_sparse_zoonotic_005_no_outbreak,development_sparse_zoonotic_005,development,no_outbreak,sparse_zoonotic,6.664485890116654,,,34
development_score_arrays.npz,132,development_sparse_zoonotic_006_outbreak,development_sparse_zoonotic_006,development,outbreak,sparse_zoonotic,6.252454308559781,60.0,67.0,32
development_score_arrays.npz,133,development_sparse_zoonotic_006_no_outbreak,development_sparse_zoonotic_006,development,no_outbreak,sparse_zoonotic,6.252454308559781,,,32
development_score_arrays.npz,134,development_sparse_zoonotic_007_outbreak,development_sparse_zoonotic_007,development,outbreak,sparse_zoonotic,8.458805946959206,91.0,105.0,43
development_score_arrays.npz,135,development_sparse_zoonotic_007_no_outbreak,development_sparse_zoonotic_007,development,no_outbreak,sparse_zoonotic,8.458805946959206,,,43
development_score_arrays.npz,136,development_sparse_zoonotic_008_outbreak,development_sparse_zoonotic_008,development,outbreak,sparse_zoonotic,7.7534480237787395,90.0,99.0,39
development_score_arrays.npz,137,development_sparse_zoonotic_008_no_outbreak,development_sparse_zoonotic_008,development,no_outbreak,sparse_zoonotic,7.7534480237787395,,,39
development_score_arrays.npz,138,development_sparse_zoonotic_009_outbreak,development_sparse_zoonotic_009,development,outbreak,sparse_zoonotic,6.838549920061388,75.0,86.0,35
development_score_arrays.npz,139,development_sparse_zoonotic_009_no_outbreak,development_sparse_zoonotic_009,development,no_outbreak,sparse_zoonotic,6.838549920061388,,,35
development_score_arrays.npz,140,development_sparse_zoonotic_010_outbreak,development_sparse_zoonotic_010,development,outbreak,sparse_zoonotic,8.947539686004458,77.0,90.0,45
development_score_arrays.npz,141,development_sparse_zoonotic_010_no_outbreak,development_sparse_zoonotic_010,development,no_outbreak,sparse_zoonotic,8.947539686004458,,,45
development_score_arrays.npz,142,development_sparse_zoonotic_011_outbreak,development_sparse_zoonotic_011,development,outbreak,sparse_zoonotic,7.051808727002361,90.0,101.0,36
development_score_arrays.npz,143,development_sparse_zoonotic_011_no_outbreak,development_sparse_zoonotic_011,development,no_outbreak,sparse_zoonotic,7.051808727002361,,,36
development_score_arrays.npz,144,development_sparse_zoonotic_012_outbreak,development_sparse_zoonotic_012,development,outbreak,sparse_zoonotic,9.02030106249033,58.0,64.0,46
development_score_arrays.npz,145,development_sparse_zoonotic_012_no_outbreak,development_sparse_zoonotic_012,development,no_outbreak,sparse_zoonotic,9.02030106249033,,,46
development_score_arrays.npz,146,development_sparse_zoonotic_013_outbreak,development_sparse_zoonotic_013,development,outbreak,sparse_zoonotic,9.686461085176546,81.0,95.0,49
development_score_arrays.npz,147,development_sparse_zoonotic_013_no_outbreak,development_sparse_zoonotic_013,development,no_outbreak,sparse_zoonotic,9.686461085176546,,,49
development_score_arrays.npz,148,development_sparse_zoonotic_014_outbreak,development_sparse_zoonotic_014,development,outbreak,sparse_zoonotic,9.43303811115126,88.0,94.0,48
development_score_arrays.npz,149,development_sparse_zoonotic_014_no_outbreak,development_sparse_zoonotic_014,development,no_outbreak,sparse_zoonotic,9.43303811115126,,,48
development_score_arrays.npz,150,development_sparse_zoonotic_015_outbreak,development_sparse_zoonotic_015,development,outbreak,sparse_zoonotic,9.452401341351315,89.0,99.0,48
development_score_arrays.npz,151,development_sparse_zoonotic_015_no_outbreak,development_sparse_zoonotic_015,development,no_outbreak,sparse_zoonotic,9.452401341351315,,,48
development_score_arrays.npz,152,development_sparse_zoonotic_016_outbreak,development_sparse_zoonotic_016,development,outbreak,sparse_zoonotic,9.225066908309582,59.0,68.0,47
development_score_arrays.npz,153,development_sparse_zoonotic_016_no_outbreak,development_sparse_zoonotic_016,development,no_outbreak,sparse_zoonotic,9.225066908309582,,,47
development_score_arrays.npz,154,development_sparse_zoonotic_017_outbreak,development_sparse_zoonotic_017,development,outbreak,sparse_zoonotic,9.72802351212121,84.0,94.0,49
development_score_arrays.npz,155,development_sparse_zoonotic_017_no_outbreak,development_sparse_zoonotic_017,development,no_outbreak,sparse_zoonotic,9.72802351212121,,,49
development_score_arrays.npz,156,development_sparse_zoonotic_018_outbreak,development_sparse_zoonotic_018,development,outbreak,sparse_zoonotic,8.392355620277916,72.0,87.0,42
development_score_arrays.npz,157,development_sparse_zoonotic_018_no_outbreak,development_sparse_zoonotic_018,development,no_outbreak,sparse_zoonotic,8.392355620277916,,,42
development_score_arrays.npz,158,development_sparse_zoonotic_019_outbreak,development_sparse_zoonotic_019,development,outbreak,sparse_zoonotic,7.587469620931439,58.0,63.0,38
development_score_arrays.npz,159,development_sparse_zoonotic_019_no_outbreak,development_sparse_zoonotic_019,development,no_outbreak,sparse_zoonotic,7.587469620931439,,,38
development_score_arrays.npz,160,development_contact_network_000_outbreak,development_contact_network_000,development,outbreak,contact_network,10.914427914270451,93.0,105.0,55
development_score_arrays.npz,161,development_contact_network_000_no_outbreak,development_contact_network_000,development,no_outbreak,contact_network,10.914427914270451,,,55
development_score_arrays.npz,162,development_contact_network_001_outbreak,development_contact_network_001,development,outbreak,contact_network,9.083305234688716,102.0,112.0,46
development_score_arrays.npz,163,development_contact_network_001_no_outbreak,development_contact_network_001,development,no_outbreak,contact_network,9.083305234688716,,,46
development_score_arrays.npz,164,development_contact_network_002_outbreak,development_contact_network_002,development,outbreak,contact_network,11.006744966171995,88.0,96.0,56
development_score_arrays.npz,165,development_contact_network_002_no_outbreak,development_contact_network_002,development,no_outbreak,contact_network,11.006744966171995,,,56
development_score_arrays.npz,166,development_contact_network_003_outbreak,development_contact_network_003,development,outbreak,contact_network,8.036703323999742,89.0,101.0,41
development_score_arrays.npz,167,development_contact_network_003_no_outbreak,development_contact_network_003,development,no_outbreak,contact_network,8.036703323999742,,,41
development_score_arrays.npz,168,development_contact_network_004_outbreak,development_contact_network_004,development,outbreak,contact_network,9.954252375636298,96.0,105.0,50
development_score_arrays.npz,169,development_contact_network_004_no_outbreak,development_contact_network_004,development,no_outbreak,contact_network,9.954252375636298,,,50
development_score_arrays.npz,170,development_contact_network_005_outbreak,development_contact_network_005,development,outbreak,contact_network,8.132618320067667,85.0,105.0,41
development_score_arrays.npz,171,development_contact_network_005_no_outbreak,development_contact_network_005,development,no_outbreak,contact_network,8.132618320067667,,,41
development_score_arrays.npz,172,development_contact_network_006_outbreak,development_contact_network_006,development,outbreak,contact_network,8.686314278155322,98.0,106.0,44
development_score_arrays.npz,173,development_contact_network_006_no_outbreak,development_contact_network_006,development,no_outbreak,contact_network,8.686314278155322,,,44
development_score_arrays.npz,174,development_contact_network_007_outbreak,development_contact_network_007,development,outbreak,contact_network,7.856832743964683,68.0,84.0,40
development_score_arrays.npz,175,development_contact_network_007_no_outbreak,development_contact_network_007,development,no_outbreak,contact_network,7.856832743964683,,,40
development_score_arrays.npz,176,development_contact_network_008_outbreak,development_contact_network_008,development,outbreak,contact_network,9.715129640705555,67.0,79.0,49
development_score_arrays.npz,177,development_contact_network_008_no_outbreak,development_contact_network_008,development,no_outbreak,contact_network,9.715129640705555,,,49
development_score_arrays.npz,178,development_contact_network_009_outbreak,development_contact_network_009,development,outbreak,contact_network,9.866635446439023,73.0,94.0,50
development_score_arrays.npz,179,development_contact_network_009_no_outbreak,development_contact_network_009,development,no_outbreak,contact_network,9.866635446439023,,,50
development_score_arrays.npz,180,development_contact_network_010_outbreak,development_contact_network_010,development,outbreak,contact_network,7.446772663327194,71.0,92.0,38
development_score_arrays.npz,181,development_contact_network_010_no_outbreak,development_contact_network_010,development,no_outbreak,contact_network,7.446772663327194,,,38
development_score_arrays.npz,182,development_contact_network_011_outbreak,development_contact_network_011,development,outbreak,contact_network,9.766476632731678,104.0,113.0,49
development_score_arrays.npz,183,development_contact_network_011_no_outbreak,development_contact_network_011,development,no_outbreak,contact_network,9.766476632731678,,,49
development_score_arrays.npz,184,development_contact_network_012_outbreak,development_contact_network_012,development,outbreak,contact_network,10.597289084878486,68.0,76.0,53
development_score_arrays.npz,185,development_contact_network_012_no_outbreak,development_contact_network_012,development,no_outbreak,contact_network,10.597289084878486,,,53
development_score_arrays.npz,186,development_contact_network_013_outbreak,development_contact_network_013,development,outbreak,contact_network,10.077795050946415,104.0,122.0,51
development_score_arrays.npz,187,development_contact_network_013_no_outbreak,development_contact_network_013,development,no_outbreak,contact_network,10.077795050946415,,,51
development_score_arrays.npz,188,development_contact_network_014_outbreak,development_contact_network_014,development,outbreak,contact_network,7.879395095378372,94.0,110.0,40
development_score_arrays.npz,189,development_contact_network_014_no_outbreak,development_contact_network_014,development,no_outbreak,contact_network,7.879395095378372,,,40
development_score_arrays.npz,190,development_contact_network_015_outbreak,development_contact_network_015,development,outbreak,contact_network,8.538028504405194,104.0,118.0,43
development_score_arrays.npz,191,development_contact_network_015_no_outbreak,development_contact_network_015,development,no_outbreak,contact_network,8.538028504405194,,,43
development_score_arrays.npz,192,development_contact_network_016_outbreak,development_contact_network_016,development,outbreak,contact_network,10.072034560122106,85.0,92.0,51
development_score_arrays.npz,193,development_contact_network_016_no_outbreak,development_contact_network_016,development,no_outbreak,contact_network,10.072034560122106,,,51
development_score_arrays.npz,194,development_contact_network_017_outbreak,development_contact_network_017,development,outbreak,contact_network,11.662461524201204,85.0,101.0,59
development_score_arrays.npz,195,development_contact_network_017_no_outbreak,development_contact_network_017,development,no_outbreak,contact_network,11.662461524201204,,,59
development_score_arrays.npz,196,development_contact_network_018_outbreak,development_contact_network_018,development,outbreak,contact_network,9.696564889335528,93.0,103.0,49
development_score_arrays.npz,197,development_contact_network_018_no_outbreak,development_contact_network_018,development,no_outbreak,contact_network,9.696564889335528,,,49
development_score_arrays.npz,198,development_contact_network_019_outbreak,development_contact_network_019,development,outbreak,contact_network,7.229954679799535,68.0,78.0,37
development_score_arrays.npz,199,development_contact_network_019_no_outbreak,development_contact_network_019,development,no_outbreak,contact_network,7.229954679799535,,,37
development_score_arrays.npz,200,development_slow_high_severity_000_outbreak,development_slow_high_severity_000,development,outbreak,slow_high_severity,9.219293705106006,93.0,107.0,47
development_score_arrays.npz,201,development_slow_high_severity_000_no_outbreak,development_slow_high_severity_000,development,no_outbreak,slow_high_severity,9.219293705106006,,,47
development_score_arrays.npz,202,development_slow_high_severity_001_outbreak,development_slow_high_severity_001,development,outbreak,slow_high_severity,11.664319700712444,84.0,98.0,59
development_score_arrays.npz,203,development_slow_high_severity_001_no_outbreak,development_slow_high_severity_001,development,no_outbreak,slow_high_severity,11.664319700712444,,,59
development_score_arrays.npz,204,development_slow_high_severity_002_outbreak,development_slow_high_severity_002,development,outbreak,slow_high_severity,11.87630326072678,84.0,94.0,60
development_score_arrays.npz,205,development_slow_high_severity_002_no_outbreak,development_slow_high_severity_002,development,no_outbreak,slow_high_severity,11.87630326072678,,,60
development_score_arrays.npz,206,development_slow_high_severity_003_outbreak,development_slow_high_severity_003,development,outbreak,slow_high_severity,11.070422156000504,92.0,98.0,56
development_score_arrays.npz,207,development_slow_high_severity_003_no_outbreak,development_slow_high_severity_003,development,no_outbreak,slow_high_severity,11.070422156000504,,,56
development_score_arrays.npz,208,development_slow_high_severity_004_outbreak,development_slow_high_severity_004,development,outbreak,slow_high_severity,10.715613528779944,96.0,109.0,54
development_score_arrays.npz,209,development_slow_high_severity_004_no_outbreak,development_slow_high_severity_004,development,no_outbreak,slow_high_severity,10.715613528779944,,,54
development_score_arrays.npz,210,development_slow_high_severity_005_outbreak,development_slow_high_severity_005,development,outbreak,slow_high_severity,8.188888364292763,86.0,99.0,41
development_score_arrays.npz,211,development_slow_high_severity_005_no_outbreak,development_slow_high_severity_005,development,no_outbreak,slow_high_severity,8.188888364292763,,,41
development_score_arrays.npz,212,development_slow_high_severity_006_outbreak,development_slow_high_severity_006,development,outbreak,slow_high_severity,11.82704122600074,84.0,96.0,60
development_score_arrays.npz,213,development_slow_high_severity_006_no_outbreak,development_slow_high_severity_006,development,no_outbreak,slow_high_severity,11.82704122600074,,,60
development_score_arrays.npz,214,development_slow_high_severity_007_outbreak,development_slow_high_severity_007,development,outbreak,slow_high_severity,9.830914758228674,102.0,109.0,50
development_score_arrays.npz,215,development_slow_high_severity_007_no_outbreak,development_slow_high_severity_007,development,no_outbreak,slow_high_severity,9.830914758228674,,,50
development_score_arrays.npz,216,development_slow_high_severity_008_outbreak,development_slow_high_severity_008,development,outbreak,slow_high_severity,9.528850618772283,87.0,93.0,48
development_score_arrays.npz,217,development_slow_high_severity_008_no_outbreak,development_slow_high_severity_008,development,no_outbreak,slow_high_severity,9.528850618772283,,,48
development_score_arrays.npz,218,development_slow_high_severity_009_outbreak,development_slow_high_severity_009,development,outbreak,slow_high_severity,8.352027090359268,108.0,116.0,42
development_score_arrays.npz,219,development_slow_high_severity_009_no_outbreak,development_slow_high_severity_009,development,no_outbreak,slow_high_severity,8.352027090359268,,,42
development_score_arrays.npz,220,development_slow_high_severity_010_outbreak,development_slow_high_severity_010,development,outbreak,slow_high_severity,8.670966011167664,95.0,99.0,44
development_score_arrays.npz,221,development_slow_high_severity_010_no_outbreak,development_slow_high_severity_010,development,no_outbreak,slow_high_severity,8.670966011167664,,,44
development_score_arrays.npz,222,development_slow_high_severity_011_outbreak,development_slow_high_severity_011,development,outbreak,slow_high_severity,12.26274300684064,102.0,110.0,62
development_score_arrays.npz,223,development_slow_high_severity_011_no_outbreak,development_slow_high_severity_011,development,no_outbreak,slow_high_severity,12.26274300684064,,,62
development_score_arrays.npz,224,development_slow_high_severity_012_outbreak,development_slow_high_severity_012,development,outbreak,slow_high_severity,12.216676801596524,93.0,102.0,62
development_score_arrays.npz,225,development_slow_high_severity_012_no_outbreak,development_slow_high_severity_012,development,no_outbreak,slow_high_severity,12.216676801596524,,,62
development_score_arrays.npz,226,development_slow_high_severity_013_outbreak,development_slow_high_severity_013,development,outbreak,slow_high_severity,10.870408828655409,102.0,119.0,55
development_score_arrays.npz,227,development_slow_high_severity_013_no_outbreak,development_slow_high_severity_013,development,no_outbreak,slow_high_severity,10.870408828655409,,,55
development_score_arrays.npz,228,development_slow_high_severity_014_outbreak,development_slow_high_severity_014,development,outbreak,slow_high_severity,11.09324435018313,104.0,111.0,56
development_score_arrays.npz,229,development_slow_high_severity_014_no_outbreak,development_slow_high_severity_014,development,no_outbreak,slow_high_severity,11.09324435018313,,,56
development_score_arrays.npz,230,development_slow_high_severity_015_outbreak,development_slow_high_severity_015,development,outbreak,slow_high_severity,9.788147299764574,100.0,112.0,49
development_score_arrays.npz,231,development_slow_high_severity_015_no_outbreak,development_slow_high_severity_015,development,no_outbreak,slow_high_severity,9.788147299764574,,,49
development_score_arrays.npz,232,development_slow_high_severity_016_outbreak,development_slow_high_severity_016,development,outbreak,slow_high_severity,8.997106836277077,67.0,86.0,45
development_score_arrays.npz,233,development_slow_high_severity_016_no_outbreak,development_slow_high_severity_016,development,no_outbreak,slow_high_severity,8.997106836277077,,,45
development_score_arrays.npz,234,development_slow_high_severity_017_outbreak,development_slow_high_severity_017,development,outbreak,slow_high_severity,9.596652544560376,108.0,122.0,48
development_score_arrays.npz,235,development_slow_high_severity_017_no_outbreak,development_slow_high_severity_017,development,no_outbreak,slow_high_severity,9.596652544560376,,,48
development_score_arrays.npz,236,development_slow_high_severity_018_outbreak,development_slow_high_severity_018,development,outbreak,slow_high_severity,9.7469682647029,102.0,115.0,49
development_score_arrays.npz,237,development_slow_high_severity_018_no_outbreak,development_slow_high_severity_018,development,no_outbreak,slow_high_severity,9.7469682647029,,,49
development_score_arrays.npz,238,development_slow_high_severity_019_outbreak,development_slow_high_severity_019,development,outbreak,slow_high_severity,10.659104724456466,85.0,104.0,54
development_score_arrays.npz,239,development_slow_high_severity_019_no_outbreak,development_slow_high_severity_019,development,no_outbreak,slow_high_severity,10.659104724456466,,,54
validation_score_arrays.npz,0,validation_fast_respiratory_000_outbreak,validation_fast_respiratory_000,validation,outbreak,fast_respiratory,3.0627990073285067,48.0,56.0,24
validation_score_arrays.npz,1,validation_fast_respiratory_000_no_outbreak,validation_fast_respiratory_000,validation,no_outbreak,fast_respiratory,3.0627990073285067,,,24
validation_score_arrays.npz,2,validation_fast_respiratory_001_outbreak,validation_fast_respiratory_001,validation,outbreak,fast_respiratory,2.777180233434673,64.0,69.0,24
validation_score_arrays.npz,3,validation_fast_respiratory_001_no_outbreak,validation_fast_respiratory_001,validation,no_outbreak,fast_respiratory,2.777180233434673,,,24
validation_score_arrays.npz,4,validation_fast_respiratory_002_outbreak,validation_fast_respiratory_002,validation,outbreak,fast_respiratory,3.612287501189952,44.0,52.0,24
validation_score_arrays.npz,5,validation_fast_respiratory_002_no_outbreak,validation_fast_respiratory_002,validation,no_outbreak,fast_respiratory,3.612287501189952,,,24
validation_score_arrays.npz,6,validation_fast_respiratory_003_outbreak,validation_fast_respiratory_003,validation,outbreak,fast_respiratory,3.726315736630945,61.0,67.0,24
validation_score_arrays.npz,7,validation_fast_respiratory_003_no_outbreak,validation_fast_respiratory_003,validation,no_outbreak,fast_respiratory,3.726315736630945,,,24
validation_score_arrays.npz,8,validation_fast_respiratory_004_outbreak,validation_fast_respiratory_004,validation,outbreak,fast_respiratory,3.29019448472142,47.0,53.0,24
validation_score_arrays.npz,9,validation_fast_respiratory_004_no_outbreak,validation_fast_respiratory_004,validation,no_outbreak,fast_respiratory,3.29019448472142,,,24
validation_score_arrays.npz,10,validation_fast_respiratory_005_outbreak,validation_fast_respiratory_005,validation,outbreak,fast_respiratory,3.03462808377998,41.0,46.0,24
validation_score_arrays.npz,11,validation_fast_respiratory_005_no_outbreak,validation_fast_respiratory_005,validation,no_outbreak,fast_respiratory,3.03462808377998,,,24
validation_score_arrays.npz,12,validation_fast_respiratory_006_outbreak,validation_fast_respiratory_006,validation,outbreak,fast_respiratory,2.9611001496234683,64.0,70.0,24
validation_score_arrays.npz,13,validation_fast_respiratory_006_no_outbreak,validation_fast_respiratory_006,validation,no_outbreak,fast_respiratory,2.9611001496234683,,,24
validation_score_arrays.npz,14,validation_fast_respiratory_007_outbreak,validation_fast_respiratory_007,validation,outbreak,fast_respiratory,3.2135147437731906,43.0,50.0,24
validation_score_arrays.npz,15,validation_fast_respiratory_007_no_outbreak,validation_fast_respiratory_007,validation,no_outbreak,fast_respiratory,3.2135147437731906,,,24
validation_score_arrays.npz,16,validation_fast_respiratory_008_outbreak,validation_fast_respiratory_008,validation,outbreak,fast_respiratory,2.713012014561768,44.0,50.0,24
validation_score_arrays.npz,17,validation_fast_respiratory_008_no_outbreak,validation_fast_respiratory_008,validation,no_outbreak,fast_respiratory,2.713012014561768,,,24
validation_score_arrays.npz,18,validation_fast_respiratory_009_outbreak,validation_fast_respiratory_009,validation,outbreak,fast_respiratory,3.9601438048285225,48.0,54.0,24
validation_score_arrays.npz,19,validation_fast_respiratory_009_no_outbreak,validation_fast_respiratory_009,validation,no_outbreak,fast_respiratory,3.9601438048285225,,,24
validation_score_arrays.npz,20,validation_fast_respiratory_010_outbreak,validation_fast_respiratory_010,validation,outbreak,fast_respiratory,3.588603468865601,61.0,69.0,24
validation_score_arrays.npz,21,validation_fast_respiratory_010_no_outbreak,validation_fast_respiratory_010,validation,no_outbreak,fast_respiratory,3.588603468865601,,,24
validation_score_arrays.npz,22,validation_fast_respiratory_011_outbreak,validation_fast_respiratory_011,validation,outbreak,fast_respiratory,3.754480305709323,64.0,72.0,24
validation_score_arrays.npz,23,validation_fast_respiratory_011_no_outbreak,validation_fast_respiratory_011,validation,no_outbreak,fast_respiratory,3.754480305709323,,,24
validation_score_arrays.npz,24,validation_fast_respiratory_012_outbreak,validation_fast_respiratory_012,validation,outbreak,fast_respiratory,3.3163593541990526,54.0,60.0,24
validation_score_arrays.npz,25,validation_fast_respiratory_012_no_outbreak,validation_fast_respiratory_012,validation,no_outbreak,fast_respiratory,3.3163593541990526,,,24
validation_score_arrays.npz,26,validation_fast_respiratory_013_outbreak,validation_fast_respiratory_013,validation,outbreak,fast_respiratory,3.179591162676964,63.0,69.0,24
validation_score_arrays.npz,27,validation_fast_respiratory_013_no_outbreak,validation_fast_respiratory_013,validation,no_outbreak,fast_respiratory,3.179591162676964,,,24
validation_score_arrays.npz,28,validation_fast_respiratory_014_outbreak,validation_fast_respiratory_014,validation,outbreak,fast_respiratory,2.943915770355128,39.0,44.0,24
validation_score_arrays.npz,29,validation_fast_respiratory_014_no_outbreak,validation_fast_respiratory_014,validation,no_outbreak,fast_respiratory,2.943915770355128,,,24
validation_score_arrays.npz,30,validation_fast_respiratory_015_outbreak,validation_fast_respiratory_015,validation,outbreak,fast_respiratory,3.3618664698454155,42.0,48.0,24
validation_score_arrays.npz,31,validation_fast_respiratory_015_no_outbreak,validation_fast_respiratory_015,validation,no_outbreak,fast_respiratory,3.3618664698454155,,,24
validation_score_arrays.npz,32,validation_fast_respiratory_016_outbreak,validation_fast_respiratory_016,validation,outbreak,fast_respiratory,2.9564133647094684,63.0,68.0,24
validation_score_arrays.npz,33,validation_fast_respiratory_016_no_outbreak,validation_fast_respiratory_016,validation,no_outbreak,fast_respiratory,2.9564133647094684,,,24
validation_score_arrays.npz,34,validation_fast_respiratory_017_outbreak,validation_fast_respiratory_017,validation,outbreak,fast_respiratory,3.0826426510788263,46.0,55.0,24
validation_score_arrays.npz,35,validation_fast_respiratory_017_no_outbreak,validation_fast_respiratory_017,validation,no_outbreak,fast_respiratory,3.0826426510788263,,,24
validation_score_arrays.npz,36,validation_fast_respiratory_018_outbreak,validation_fast_respiratory_018,validation,outbreak,fast_respiratory,3.2967101078516827,57.0,64.0,24
validation_score_arrays.npz,37,validation_fast_respiratory_018_no_outbreak,validation_fast_respiratory_018,validation,no_outbreak,fast_respiratory,3.2967101078516827,,,24
validation_score_arrays.npz,38,validation_fast_respiratory_019_outbreak,validation_fast_respiratory_019,validation,outbreak,fast_respiratory,2.8671836211109545,66.0,72.0,24
validation_score_arrays.npz,39,validation_fast_respiratory_019_no_outbreak,validation_fast_respiratory_019,validation,no_outbreak,fast_respiratory,2.8671836211109545,,,24
validation_score_arrays.npz,40,validation_fast_respiratory_020_outbreak,validation_fast_respiratory_020,validation,outbreak,fast_respiratory,3.905267597644125,46.0,50.0,24
validation_score_arrays.npz,41,validation_fast_respiratory_020_no_outbreak,validation_fast_respiratory_020,validation,no_outbreak,fast_respiratory,3.905267597644125,,,24
validation_score_arrays.npz,42,validation_fast_respiratory_021_outbreak,validation_fast_respiratory_021,validation,outbreak,fast_respiratory,2.6043172269421198,62.0,66.0,24
validation_score_arrays.npz,43,validation_fast_respiratory_021_no_outbreak,validation_fast_respiratory_021,validation,no_outbreak,fast_respiratory,2.6043172269421198,,,24
validation_score_arrays.npz,44,validation_fast_respiratory_022_outbreak,validation_fast_respiratory_022,validation,outbreak,fast_respiratory,2.562024628433774,51.0,56.0,24
validation_score_arrays.npz,45,validation_fast_respiratory_022_no_outbreak,validation_fast_respiratory_022,validation,no_outbreak,fast_respiratory,2.562024628433774,,,24
validation_score_arrays.npz,46,validation_fast_respiratory_023_outbreak,validation_fast_respiratory_023,validation,outbreak,fast_respiratory,2.6130326697542894,43.0,48.0,24
validation_score_arrays.npz,47,validation_fast_respiratory_023_no_outbreak,validation_fast_respiratory_023,validation,no_outbreak,fast_respiratory,2.6130326697542894,,,24
validation_score_arrays.npz,48,validation_fast_respiratory_024_outbreak,validation_fast_respiratory_024,validation,outbreak,fast_respiratory,3.6158200192998695,55.0,65.0,24
validation_score_arrays.npz,49,validation_fast_respiratory_024_no_outbreak,validation_fast_respiratory_024,validation,no_outbreak,fast_respiratory,3.6158200192998695,,,24
validation_score_arrays.npz,50,validation_fast_respiratory_025_outbreak,validation_fast_respiratory_025,validation,outbreak,fast_respiratory,3.214790119540352,66.0,70.0,24
validation_score_arrays.npz,51,validation_fast_respiratory_025_no_outbreak,validation_fast_respiratory_025,validation,no_outbreak,fast_respiratory,3.214790119540352,,,24
validation_score_arrays.npz,52,validation_fast_respiratory_026_outbreak,validation_fast_respiratory_026,validation,outbreak,fast_respiratory,3.209175547999014,66.0,74.0,24
validation_score_arrays.npz,53,validation_fast_respiratory_026_no_outbreak,validation_fast_respiratory_026,validation,no_outbreak,fast_respiratory,3.209175547999014,,,24
validation_score_arrays.npz,54,validation_fast_respiratory_027_outbreak,validation_fast_respiratory_027,validation,outbreak,fast_respiratory,3.986744200263203,56.0,63.0,24
validation_score_arrays.npz,55,validation_fast_respiratory_027_no_outbreak,validation_fast_respiratory_027,validation,no_outbreak,fast_respiratory,3.986744200263203,,,24
validation_score_arrays.npz,56,validation_fast_respiratory_028_outbreak,validation_fast_respiratory_028,validation,outbreak,fast_respiratory,3.764102185638194,59.0,64.0,24
validation_score_arrays.npz,57,validation_fast_respiratory_028_no_outbreak,validation_fast_respiratory_028,validation,no_outbreak,fast_respiratory,3.764102185638194,,,24
validation_score_arrays.npz,58,validation_fast_respiratory_029_outbreak,validation_fast_respiratory_029,validation,outbreak,fast_respiratory,3.510994689165722,65.0,70.0,24
validation_score_arrays.npz,59,validation_fast_respiratory_029_no_outbreak,validation_fast_respiratory_029,validation,no_outbreak,fast_respiratory,3.510994689165722,,,24
validation_score_arrays.npz,60,validation_influenza_like_000_outbreak,validation_influenza_like_000,validation,outbreak,influenza_like,3.1949503878103998,68.0,75.0,24
validation_score_arrays.npz,61,validation_influenza_like_000_no_outbreak,validation_influenza_like_000,validation,no_outbreak,influenza_like,3.1949503878103998,,,24
validation_score_arrays.npz,62,validation_influenza_like_001_outbreak,validation_influenza_like_001,validation,outbreak,influenza_like,3.977599319498237,54.0,60.0,24
validation_score_arrays.npz,63,validation_influenza_like_001_no_outbreak,validation_influenza_like_001,validation,no_outbreak,influenza_like,3.977599319498237,,,24
validation_score_arrays.npz,64,validation_influenza_like_002_outbreak,validation_influenza_like_002,validation,outbreak,influenza_like,3.611458063896441,54.0,63.0,24
validation_score_arrays.npz,65,validation_influenza_like_002_no_outbreak,validation_influenza_like_002,validation,no_outbreak,influenza_like,3.611458063896441,,,24
validation_score_arrays.npz,66,validation_influenza_like_003_outbreak,validation_influenza_like_003,validation,outbreak,influenza_like,4.202348543526374,62.0,67.0,24
validation_score_arrays.npz,67,validation_influenza_like_003_no_outbreak,validation_influenza_like_003,validation,no_outbreak,influenza_like,4.202348543526374,,,24
validation_score_arrays.npz,68,validation_influenza_like_004_outbreak,validation_influenza_like_004,validation,outbreak,influenza_like,4.676988545755412,63.0,70.0,24
validation_score_arrays.npz,69,validation_influenza_like_004_no_outbreak,validation_influenza_like_004,validation,no_outbreak,influenza_like,4.676988545755412,,,24
validation_score_arrays.npz,70,validation_influenza_like_005_outbreak,validation_influenza_like_005,validation,outbreak,influenza_like,3.691358367354757,46.0,52.0,24
validation_score_arrays.npz,71,validation_influenza_like_005_no_outbreak,validation_influenza_like_005,validation,no_outbreak,influenza_like,3.691358367354757,,,24
validation_score_arrays.npz,72,validation_influenza_like_006_outbreak,validation_influenza_like_006,validation,outbreak,influenza_like,3.373372815260097,63.0,73.0,24
validation_score_arrays.npz,73,validation_influenza_like_006_no_outbreak,validation_influenza_like_006,validation,no_outbreak,influenza_like,3.373372815260097,,,24
validation_score_arrays.npz,74,validation_influenza_like_007_outbreak,validation_influenza_like_007,validation,outbreak,influenza_like,4.315201151172265,53.0,60.0,24
validation_score_arrays.npz,75,validation_influenza_like_007_no_outbreak,validation_influenza_like_007,validation,no_outbreak,influenza_like,4.315201151172265,,,24
validation_score_arrays.npz,76,validation_influenza_like_008_outbreak,validation_influenza_like_008,validation,outbreak,influenza_like,3.444179287546194,62.0,69.0,24
validation_score_arrays.npz,77,validation_influenza_like_008_no_outbreak,validation_influenza_like_008,validation,no_outbreak,influenza_like,3.444179287546194,,,24
validation_score_arrays.npz,78,validation_influenza_like_009_outbreak,validation_influenza_like_009,validation,outbreak,influenza_like,4.006112809377747,57.0,64.0,24
validation_score_arrays.npz,79,validation_influenza_like_009_no_outbreak,validation_influenza_like_009,validation,no_outbreak,influenza_like,4.006112809377747,,,24
validation_score_arrays.npz,80,validation_influenza_like_010_outbreak,validation_influenza_like_010,validation,outbreak,influenza_like,4.294375856090318,69.0,77.0,24
validation_score_arrays.npz,81,validation_influenza_like_010_no_outbreak,validation_influenza_like_010,validation,no_outbreak,influenza_like,4.294375856090318,,,24
validation_score_arrays.npz,82,validation_influenza_like_011_outbreak,validation_influenza_like_011,validation,outbreak,influenza_like,3.07887551704075,69.0,79.0,24
validation_score_arrays.npz,83,validation_influenza_like_011_no_outbreak,validation_influenza_like_011,validation,no_outbreak,influenza_like,3.07887551704075,,,24
validation_score_arrays.npz,84,validation_influenza_like_012_outbreak,validation_influenza_like_012,validation,outbreak,influenza_like,3.7514328424545136,59.0,69.0,24
validation_score_arrays.npz,85,validation_influenza_like_012_no_outbreak,validation_influenza_like_012,validation,no_outbreak,influenza_like,3.7514328424545136,,,24
validation_score_arrays.npz,86,validation_influenza_like_013_outbreak,validation_influenza_like_013,validation,outbreak,influenza_like,3.6162590155724814,52.0,60.0,24
validation_score_arrays.npz,87,validation_influenza_like_013_no_outbreak,validation_influenza_like_013,validation,no_outbreak,influenza_like,3.6162590155724814,,,24
validation_score_arrays.npz,88,validation_influenza_like_014_outbreak,validation_influenza_like_014,validation,outbreak,influenza_like,4.270527951278431,53.0,63.0,24
validation_score_arrays.npz,89,validation_influenza_like_014_no_outbreak,validation_influenza_like_014,validation,no_outbreak,influenza_like,4.270527951278431,,,24
validation_score_arrays.npz,90,validation_influenza_like_015_outbreak,validation_influenza_like_015,validation,outbreak,influenza_like,3.7632411797544782,53.0,65.0,24
validation_score_arrays.npz,91,validation_influenza_like_015_no_outbreak,validation_influenza_like_015,validation,no_outbreak,influenza_like,3.7632411797544782,,,24
validation_score_arrays.npz,92,validation_influenza_like_016_outbreak,validation_influenza_like_016,validation,outbreak,influenza_like,3.9156208093040537,69.0,75.0,24
validation_score_arrays.npz,93,validation_influenza_like_016_no_outbreak,validation_influenza_like_016,validation,no_outbreak,influenza_like,3.9156208093040537,,,24
validation_score_arrays.npz,94,validation_influenza_like_017_outbreak,validation_influenza_like_017,validation,outbreak,influenza_like,4.626781124463306,53.0,63.0,24
validation_score_arrays.npz,95,validation_influenza_like_017_no_outbreak,validation_influenza_like_017,validation,no_outbreak,influenza_like,4.626781124463306,,,24
validation_score_arrays.npz,96,validation_influenza_like_018_outbreak,validation_influenza_like_018,validation,outbreak,influenza_like,4.507457185832849,66.0,70.0,24
validation_score_arrays.npz,97,validation_influenza_like_018_no_outbreak,validation_influenza_like_018,validation,no_outbreak,influenza_like,4.507457185832849,,,24
validation_score_arrays.npz,98,validation_influenza_like_019_outbreak,validation_influenza_like_019,validation,outbreak,influenza_like,3.121062252367965,49.0,56.0,24
validation_score_arrays.npz,99,validation_influenza_like_019_no_outbreak,validation_influenza_like_019,validation,no_outbreak,influenza_like,3.121062252367965,,,24
validation_score_arrays.npz,100,validation_influenza_like_020_outbreak,validation_influenza_like_020,validation,outbreak,influenza_like,4.220703983788072,55.0,63.0,24
validation_score_arrays.npz,101,validation_influenza_like_020_no_outbreak,validation_influenza_like_020,validation,no_outbreak,influenza_like,4.220703983788072,,,24
validation_score_arrays.npz,102,validation_influenza_like_021_outbreak,validation_influenza_like_021,validation,outbreak,influenza_like,3.44382674304688,62.0,73.0,24
validation_score_arrays.npz,103,validation_influenza_like_021_no_outbreak,validation_influenza_like_021,validation,no_outbreak,influenza_like,3.44382674304688,,,24
validation_score_arrays.npz,104,validation_influenza_like_022_outbreak,validation_influenza_like_022,validation,outbreak,influenza_like,4.816456638161901,45.0,50.0,25
validation_score_arrays.npz,105,validation_influenza_like_022_no_outbreak,validation_influenza_like_022,validation,no_outbreak,influenza_like,4.816456638161901,,,25
validation_score_arrays.npz,106,validation_influenza_like_023_outbreak,validation_influenza_like_023,validation,outbreak,influenza_like,3.627425294049152,66.0,74.0,24
validation_score_arrays.npz,107,validation_influenza_like_023_no_outbreak,validation_influenza_like_023,validation,no_outbreak,influenza_like,3.627425294049152,,,24
validation_score_arrays.npz,108,validation_influenza_like_024_outbreak,validation_influenza_like_024,validation,outbreak,influenza_like,4.877321660912292,65.0,72.0,25
validation_score_arrays.npz,109,validation_influenza_like_024_no_outbreak,validation_influenza_like_024,validation,no_outbreak,influenza_like,4.877321660912292,,,25
validation_score_arrays.npz,110,validation_influenza_like_025_outbreak,validation_influenza_like_025,validation,outbreak,influenza_like,4.769434306907066,71.0,76.0,24
validation_score_arrays.npz,111,validation_influenza_like_025_no_outbreak,validation_influenza_like_025,validation,no_outbreak,influenza_like,4.769434306907066,,,24
validation_score_arrays.npz,112,validation_influenza_like_026_outbreak,validation_influenza_like_026,validation,outbreak,influenza_like,3.412144566180938,72.0,76.0,24
validation_score_arrays.npz,113,validation_influenza_like_026_no_outbreak,validation_influenza_like_026,validation,no_outbreak,influenza_like,3.412144566180938,,,24
validation_score_arrays.npz,114,validation_influenza_like_027_outbreak,validation_influenza_like_027,validation,outbreak,influenza_like,4.326109690482368,55.0,63.0,24
validation_score_arrays.npz,115,validation_influenza_like_027_no_outbreak,validation_influenza_like_027,validation,no_outbreak,influenza_like,4.326109690482368,,,24
validation_score_arrays.npz,116,validation_influenza_like_028_outbreak,validation_influenza_like_028,validation,outbreak,influenza_like,4.250753153951473,61.0,69.0,24
validation_score_arrays.npz,117,validation_influenza_like_028_no_outbreak,validation_influenza_like_028,validation,no_outbreak,influenza_like,4.250753153951473,,,24
validation_score_arrays.npz,118,validation_influenza_like_029_outbreak,validation_influenza_like_029,validation,outbreak,influenza_like,3.3776650246162587,62.0,69.0,24
validation_score_arrays.npz,119,validation_influenza_like_029_no_outbreak,validation_influenza_like_029,validation,no_outbreak,influenza_like,3.3776650246162587,,,24
validation_score_arrays.npz,120,validation_moderate_respiratory_000_outbreak,validation_moderate_respiratory_000,validation,outbreak,moderate_respiratory,5.908475754182298,61.0,73.0,30
validation_score_arrays.npz,121,validation_moderate_respiratory_000_no_outbreak,validation_moderate_respiratory_000,validation,no_outbreak,moderate_respiratory,5.908475754182298,,,30
validation_score_arrays.npz,122,validation_moderate_respiratory_001_outbreak,validation_moderate_respiratory_001,validation,outbreak,moderate_respiratory,4.404889619475989,62.0,71.0,24
validation_score_arrays.npz,123,validation_moderate_respiratory_001_no_outbreak,validation_moderate_respiratory_001,validation,no_outbreak,moderate_respiratory,4.404889619475989,,,24
validation_score_arrays.npz,124,validation_moderate_respiratory_002_outbreak,validation_moderate_respiratory_002,validation,outbreak,moderate_respiratory,4.791516004893048,84.0,92.0,24
validation_score_arrays.npz,125,validation_moderate_respiratory_002_no_outbreak,validation_moderate_respiratory_002,validation,no_outbreak,moderate_respiratory,4.791516004893048,,,24
validation_score_arrays.npz,126,validation_moderate_respiratory_003_outbreak,validation_moderate_respiratory_003,validation,outbreak,moderate_respiratory,5.758964535694946,55.0,62.0,29
validation_score_arrays.npz,127,validation_moderate_respiratory_003_no_outbreak,validation_moderate_respiratory_003,validation,no_outbreak,moderate_respiratory,5.758964535694946,,,29
validation_score_arrays.npz,128,validation_moderate_respiratory_004_outbreak,validation_moderate_respiratory_004,validation,outbreak,moderate_respiratory,5.095706453044585,56.0,63.0,26
validation_score_arrays.npz,129,validation_moderate_respiratory_004_no_outbreak,validation_moderate_respiratory_004,validation,no_outbreak,moderate_respiratory,5.095706453044585,,,26
validation_score_arrays.npz,130,validation_moderate_respiratory_005_outbreak,validation_moderate_respiratory_005,validation,outbreak,moderate_respiratory,5.913891363572833,59.0,67.0,30
validation_score_arrays.npz,131,validation_moderate_respiratory_005_no_outbreak,validation_moderate_respiratory_005,validation,no_outbreak,moderate_respiratory,5.913891363572833,,,30
validation_score_arrays.npz,132,validation_moderate_respiratory_006_outbreak,validation_moderate_respiratory_006,validation,outbreak,moderate_respiratory,5.925406894401618,83.0,88.0,30
validation_score_arrays.npz,133,validation_moderate_respiratory_006_no_outbreak,validation_moderate_respiratory_006,validation,no_outbreak,moderate_respiratory,5.925406894401618,,,30
validation_score_arrays.npz,134,validation_moderate_respiratory_007_outbreak,validation_moderate_respiratory_007,validation,outbreak,moderate_respiratory,5.434095327420617,71.0,78.0,28
validation_score_arrays.npz,135,validation_moderate_respiratory_007_no_outbreak,validation_moderate_respiratory_007,validation,no_outbreak,moderate_respiratory,5.434095327420617,,,28
validation_score_arrays.npz,136,validation_moderate_respiratory_008_outbreak,validation_moderate_respiratory_008,validation,outbreak,moderate_respiratory,6.252745594700611,74.0,82.0,32
validation_score_arrays.npz,137,validation_moderate_respiratory_008_no_outbreak,validation_moderate_respiratory_008,validation,no_outbreak,moderate_respiratory,6.252745594700611,,,32
validation_score_arrays.npz,138,validation_moderate_respiratory_009_outbreak,validation_moderate_respiratory_009,validation,outbreak,moderate_respiratory,4.209648847394869,78.0,88.0,24
validation_score_arrays.npz,139,validation_moderate_respiratory_009_no_outbreak,validation_moderate_respiratory_009,validation,no_outbreak,moderate_respiratory,4.209648847394869,,,24
validation_score_arrays.npz,140,validation_moderate_respiratory_010_outbreak,validation_moderate_respiratory_010,validation,outbreak,moderate_respiratory,5.052395362028295,70.0,86.0,26
validation_score_arrays.npz,141,validation_moderate_respiratory_010_no_outbreak,validation_moderate_respiratory_010,validation,no_outbreak,moderate_respiratory,5.052395362028295,,,26
validation_score_arrays.npz,142,validation_moderate_respiratory_011_outbreak,validation_moderate_respiratory_011,validation,outbreak,moderate_respiratory,6.124842912149836,58.0,68.0,31
validation_score_arrays.npz,143,validation_moderate_respiratory_011_no_outbreak,validation_moderate_respiratory_011,validation,no_outbreak,moderate_respiratory,6.124842912149836,,,31
validation_score_arrays.npz,144,validation_moderate_respiratory_012_outbreak,validation_moderate_respiratory_012,validation,outbreak,moderate_respiratory,6.0138710878979325,50.0,64.0,31
validation_score_arrays.npz,145,validation_moderate_respiratory_012_no_outbreak,validation_moderate_respiratory_012,validation,no_outbreak,moderate_respiratory,6.0138710878979325,,,31
validation_score_arrays.npz,146,validation_moderate_respiratory_013_outbreak,validation_moderate_respiratory_013,validation,outbreak,moderate_respiratory,4.208241164701441,74.0,82.0,24
validation_score_arrays.npz,147,validation_moderate_respiratory_013_no_outbreak,validation_moderate_respiratory_013,validation,no_outbreak,moderate_respiratory,4.208241164701441,,,24
validation_score_arrays.npz,148,validation_moderate_respiratory_014_outbreak,validation_moderate_respiratory_014,validation,outbreak,moderate_respiratory,4.924115501228788,84.0,88.0,25
validation_score_arrays.npz,149,validation_moderate_respiratory_014_no_outbreak,validation_moderate_respiratory_014,validation,no_outbreak,moderate_respiratory,4.924115501228788,,,25
validation_score_arrays.npz,150,validation_moderate_respiratory_015_outbreak,validation_moderate_respiratory_015,validation,outbreak,moderate_respiratory,4.365897657589337,67.0,72.0,24
validation_score_arrays.npz,151,validation_moderate_respiratory_015_no_outbreak,validation_moderate_respiratory_015,validation,no_outbreak,moderate_respiratory,4.365897657589337,,,24
validation_score_arrays.npz,152,validation_moderate_respiratory_016_outbreak,validation_moderate_respiratory_016,validation,outbreak,moderate_respiratory,4.406397907944487,80.0,87.0,24
validation_score_arrays.npz,153,validation_moderate_respiratory_016_no_outbreak,validation_moderate_respiratory_016,validation,no_outbreak,moderate_respiratory,4.406397907944487,,,24
validation_score_arrays.npz,154,validation_moderate_respiratory_017_outbreak,validation_moderate_respiratory_017,validation,outbreak,moderate_respiratory,6.073331883120526,52.0,58.0,31
validation_score_arrays.npz,155,validation_moderate_respiratory_017_no_outbreak,validation_moderate_respiratory_017,validation,no_outbreak,moderate_respiratory,6.073331883120526,,,31
validation_score_arrays.npz,156,validation_moderate_respiratory_018_outbreak,validation_moderate_respiratory_018,validation,outbreak,moderate_respiratory,4.172773769028181,56.0,67.0,24
validation_score_arrays.npz,157,validation_moderate_respiratory_018_no_outbreak,validation_moderate_respiratory_018,validation,no_outbreak,moderate_respiratory,4.172773769028181,,,24
validation_score_arrays.npz,158,validation_moderate_respiratory_019_outbreak,validation_moderate_respiratory_019,validation,outbreak,moderate_respiratory,6.256451119468711,51.0,57.0,32
validation_score_arrays.npz,159,validation_moderate_respiratory_019_no_outbreak,validation_moderate_respiratory_019,validation,no_outbreak,moderate_respiratory,6.256451119468711,,,32
validation_score_arrays.npz,160,validation_moderate_respiratory_020_outbreak,validation_moderate_respiratory_020,validation,outbreak,moderate_respiratory,4.71636760025435,51.0,65.0,24
validation_score_arrays.npz,161,validation_moderate_respiratory_020_no_outbreak,validation_moderate_respiratory_020,validation,no_outbreak,moderate_respiratory,4.71636760025435,,,24
validation_score_arrays.npz,162,validation_moderate_respiratory_021_outbreak,validation_moderate_respiratory_021,validation,outbreak,moderate_respiratory,4.610640443589218,68.0,76.0,24
validation_score_arrays.npz,163,validation_moderate_respiratory_021_no_outbreak,validation_moderate_respiratory_021,validation,no_outbreak,moderate_respiratory,4.610640443589218,,,24
validation_score_arrays.npz,164,validation_moderate_respiratory_022_outbreak,validation_moderate_respiratory_022,validation,outbreak,moderate_respiratory,5.392557568478388,84.0,93.0,27
validation_score_arrays.npz,165,validation_moderate_respiratory_022_no_outbreak,validation_moderate_respiratory_022,validation,no_outbreak,moderate_respiratory,5.392557568478388,,,27
validation_score_arrays.npz,166,validation_moderate_respiratory_023_outbreak,validation_moderate_respiratory_023,validation,outbreak,moderate_respiratory,4.2906159051184165,78.0,90.0,24
validation_score_arrays.npz,167,validation_moderate_respiratory_023_no_outbreak,validation_moderate_respiratory_023,validation,no_outbreak,moderate_respiratory,4.2906159051184165,,,24
validation_score_arrays.npz,168,validation_moderate_respiratory_024_outbreak,validation_moderate_respiratory_024,validation,outbreak,moderate_respiratory,6.033864273824099,55.0,66.0,31
validation_score_arrays.npz,169,validation_moderate_respiratory_024_no_outbreak,validation_moderate_respiratory_024,validation,no_outbreak,moderate_respiratory,6.033864273824099,,,31
validation_score_arrays.npz,170,validation_moderate_respiratory_025_outbreak,validation_moderate_respiratory_025,validation,outbreak,moderate_respiratory,5.125374835930055,64.0,68.0,26
validation_score_arrays.npz,171,validation_moderate_respiratory_025_no_outbreak,validation_moderate_respiratory_025,validation,no_outbreak,moderate_respiratory,5.125374835930055,,,26
validation_score_arrays.npz,172,validation_moderate_respiratory_026_outbreak,validation_moderate_respiratory_026,validation,outbreak,moderate_respiratory,5.212029188906749,81.0,89.0,27
validation_score_arrays.npz,173,validation_moderate_respiratory_026_no_outbreak,validation_moderate_respiratory_026,validation,no_outbreak,moderate_respiratory,5.212029188906749,,,27
validation_score_arrays.npz,174,validation_moderate_respiratory_027_outbreak,validation_moderate_respiratory_027,validation,outbreak,moderate_respiratory,4.00581883278802,58.0,67.0,24
validation_score_arrays.npz,175,validation_moderate_respiratory_027_no_outbreak,validation_moderate_respiratory_027,validation,no_outbreak,moderate_respiratory,4.00581883278802,,,24
validation_score_arrays.npz,176,validation_moderate_respiratory_028_outbreak,validation_moderate_respiratory_028,validation,outbreak,moderate_respiratory,5.4290113467146925,74.0,87.0,28
validation_score_arrays.npz,177,validation_moderate_respiratory_028_no_outbreak,validation_moderate_respiratory_028,validation,no_outbreak,moderate_respiratory,5.4290113467146925,,,28
validation_score_arrays.npz,178,validation_moderate_respiratory_029_outbreak,validation_moderate_respiratory_029,validation,outbreak,moderate_respiratory,5.996547157232586,65.0,77.0,30
validation_score_arrays.npz,179,validation_moderate_respiratory_029_no_outbreak,validation_moderate_respiratory_029,validation,no_outbreak,moderate_respiratory,5.996547157232586,,,30
validation_score_arrays.npz,180,validation_sparse_zoonotic_000_outbreak,validation_sparse_zoonotic_000,validation,outbreak,sparse_zoonotic,8.909800651953102,71.0,79.0,45
validation_score_arrays.npz,181,validation_sparse_zoonotic_000_no_outbreak,validation_sparse_zoonotic_000,validation,no_outbreak,sparse_zoonotic,8.909800651953102,,,45
validation_score_arrays.npz,182,validation_sparse_zoonotic_001_outbreak,validation_sparse_zoonotic_001,validation,outbreak,sparse_zoonotic,8.163532282126589,80.0,87.0,41
validation_score_arrays.npz,183,validation_sparse_zoonotic_001_no_outbreak,validation_sparse_zoonotic_001,validation,no_outbreak,sparse_zoonotic,8.163532282126589,,,41
validation_score_arrays.npz,184,validation_sparse_zoonotic_002_outbreak,validation_sparse_zoonotic_002,validation,outbreak,sparse_zoonotic,7.021596974628782,72.0,91.0,36
validation_score_arrays.npz,185,validation_sparse_zoonotic_002_no_outbreak,validation_sparse_zoonotic_002,validation,no_outbreak,sparse_zoonotic,7.021596974628782,,,36
validation_score_arrays.npz,186,validation_sparse_zoonotic_003_outbreak,validation_sparse_zoonotic_003,validation,outbreak,sparse_zoonotic,7.661675527933429,92.0,102.0,39
validation_score_arrays.npz,187,validation_sparse_zoonotic_003_no_outbreak,validation_sparse_zoonotic_003,validation,no_outbreak,sparse_zoonotic,7.661675527933429,,,39
validation_score_arrays.npz,188,validation_sparse_zoonotic_004_outbreak,validation_sparse_zoonotic_004,validation,outbreak,sparse_zoonotic,6.725346502227289,62.0,76.0,34
validation_score_arrays.npz,189,validation_sparse_zoonotic_004_no_outbreak,validation_sparse_zoonotic_004,validation,no_outbreak,sparse_zoonotic,6.725346502227289,,,34
validation_score_arrays.npz,190,validation_sparse_zoonotic_005_outbreak,validation_sparse_zoonotic_005,validation,outbreak,sparse_zoonotic,6.858371287839331,84.0,102.0,35
validation_score_arrays.npz,191,validation_sparse_zoonotic_005_no_outbreak,validation_sparse_zoonotic_005,validation,no_outbreak,sparse_zoonotic,6.858371287839331,,,35
validation_score_arrays.npz,192,validation_sparse_zoonotic_006_outbreak,validation_sparse_zoonotic_006,validation,outbreak,sparse_zoonotic,7.903779415754053,85.0,106.0,40
validation_score_arrays.npz,193,validation_sparse_zoonotic_006_no_outbreak,validation_sparse_zoonotic_006,validation,no_outbreak,sparse_zoonotic,7.903779415754053,,,40
validation_score_arrays.npz,194,validation_sparse_zoonotic_007_outbreak,validation_sparse_zoonotic_007,validation,outbreak,sparse_zoonotic,8.715522308666767,77.0,93.0,44
validation_score_arrays.npz,195,validation_sparse_zoonotic_007_no_outbreak,validation_sparse_zoonotic_007,validation,no_outbreak,sparse_zoonotic,8.715522308666767,,,44
validation_score_arrays.npz,196,validation_sparse_zoonotic_008_outbreak,validation_sparse_zoonotic_008,validation,outbreak,sparse_zoonotic,6.486159400617568,61.0,73.0,33
validation_score_arrays.npz,197,validation_sparse_zoonotic_008_no_outbreak,validation_sparse_zoonotic_008,validation,no_outbreak,sparse_zoonotic,6.486159400617568,,,33
validation_score_arrays.npz,198,validation_sparse_zoonotic_009_outbreak,validation_sparse_zoonotic_009,validation,outbreak,sparse_zoonotic,8.426465476521894,76.0,85.0,43
validation_score_arrays.npz,199,validation_sparse_zoonotic_009_no_outbreak,validation_sparse_zoonotic_009,validation,no_outbreak,sparse_zoonotic,8.426465476521894,,,43
validation_score_arrays.npz,200,validation_sparse_zoonotic_010_outbreak,validation_sparse_zoonotic_010,validation,outbreak,sparse_zoonotic,9.61440608802689,84.0,95.0,49
validation_score_arrays.npz,201,validation_sparse_zoonotic_010_no_outbreak,validation_sparse_zoonotic_010,validation,no_outbreak,sparse_zoonotic,9.61440608802689,,,49
validation_score_arrays.npz,202,validation_sparse_zoonotic_011_outbreak,validation_sparse_zoonotic_011,validation,outbreak,sparse_zoonotic,7.78223555380905,55.0,70.0,39
validation_score_arrays.npz,203,validation_sparse_zoonotic_011_no_outbreak,validation_sparse_zoonotic_011,validation,no_outbreak,sparse_zoonotic,7.78223555380905,,,39
validation_score_arrays.npz,204,validation_sparse_zoonotic_012_outbreak,validation_sparse_zoonotic_012,validation,outbreak,sparse_zoonotic,7.760163868629881,64.0,74.0,39
validation_score_arrays.npz,205,validation_sparse_zoonotic_012_no_outbreak,validation_sparse_zoonotic_012,validation,no_outbreak,sparse_zoonotic,7.760163868629881,,,39
validation_score_arrays.npz,206,validation_sparse_zoonotic_013_outbreak,validation_sparse_zoonotic_013,validation,outbreak,sparse_zoonotic,9.63813542491498,68.0,74.0,49
validation_score_arrays.npz,207,validation_sparse_zoonotic_013_no_outbreak,validation_sparse_zoonotic_013,validation,no_outbreak,sparse_zoonotic,9.63813542491498,,,49
validation_score_arrays.npz,208,validation_sparse_zoonotic_014_outbreak,validation_sparse_zoonotic_014,validation,outbreak,sparse_zoonotic,6.361789829859989,58.0,69.0,32
validation_score_arrays.npz,209,validation_sparse_zoonotic_014_no_outbreak,validation_sparse_zoonotic_014,validation,no_outbreak,sparse_zoonotic,6.361789829859989,,,32
validation_score_arrays.npz,210,validation_sparse_zoonotic_015_outbreak,validation_sparse_zoonotic_015,validation,outbreak,sparse_zoonotic,7.149113509727391,68.0,78.0,36
validation_score_arrays.npz,211,validation_sparse_zoonotic_015_no_outbreak,validation_sparse_zoonotic_015,validation,no_outbreak,sparse_zoonotic,7.149113509727391,,,36
validation_score_arrays.npz,212,validation_sparse_zoonotic_016_outbreak,validation_sparse_zoonotic_016,validation,outbreak,sparse_zoonotic,8.586064202600664,57.0,66.0,43
validation_score_arrays.npz,213,validation_sparse_zoonotic_016_no_outbreak,validation_sparse_zoonotic_016,validation,no_outbreak,sparse_zoonotic,8.586064202600664,,,43
validation_score_arrays.npz,214,validation_sparse_zoonotic_017_outbreak,validation_sparse_zoonotic_017,validation,outbreak,sparse_zoonotic,9.715486383279238,71.0,86.0,49
validation_score_arrays.npz,215,validation_sparse_zoonotic_017_no_outbreak,validation_sparse_zoonotic_017,validation,no_outbreak,sparse_zoonotic,9.715486383279238,,,49
validation_score_arrays.npz,216,validation_sparse_zoonotic_018_outbreak,validation_sparse_zoonotic_018,validation,outbreak,sparse_zoonotic,7.399614853723669,70.0,84.0,37
validation_score_arrays.npz,217,validation_sparse_zoonotic_018_no_outbreak,validation_sparse_zoonotic_018,validation,no_outbreak,sparse_zoonotic,7.399614853723669,,,37
validation_score_arrays.npz,218,validation_sparse_zoonotic_019_outbreak,validation_sparse_zoonotic_019,validation,outbreak,sparse_zoonotic,6.711722044305439,56.0,63.0,34
validation_score_arrays.npz,219,validation_sparse_zoonotic_019_no_outbreak,validation_sparse_zoonotic_019,validation,no_outbreak,sparse_zoonotic,6.711722044305439,,,34
validation_score_arrays.npz,220,validation_sparse_zoonotic_020_outbreak,validation_sparse_zoonotic_020,validation,outbreak,sparse_zoonotic,9.95600718720396,72.0,78.0,50
validation_score_arrays.npz,221,validation_sparse_zoonotic_020_no_outbreak,validation_sparse_zoonotic_020,validation,no_outbreak,sparse_zoonotic,9.95600718720396,,,50
validation_score_arrays.npz,222,validation_sparse_zoonotic_021_outbreak,validation_sparse_zoonotic_021,validation,outbreak,sparse_zoonotic,7.38237070070584,58.0,72.0,37
validation_score_arrays.npz,223,validation_sparse_zoonotic_021_no_outbreak,validation_sparse_zoonotic_021,validation,no_outbreak,sparse_zoonotic,7.38237070070584,,,37
validation_score_arrays.npz,224,validation_sparse_zoonotic_022_outbreak,validation_sparse_zoonotic_022,validation,outbreak,sparse_zoonotic,9.431954946406735,85.0,96.0,48
validation_score_arrays.npz,225,validation_sparse_zoonotic_022_no_outbreak,validation_sparse_zoonotic_022,validation,no_outbreak,sparse_zoonotic,9.431954946406735,,,48
validation_score_arrays.npz,226,validation_sparse_zoonotic_023_outbreak,validation_sparse_zoonotic_023,validation,outbreak,sparse_zoonotic,7.1003192135029485,65.0,71.0,36
validation_score_arrays.npz,227,validation_sparse_zoonotic_023_no_outbreak,validation_sparse_zoonotic_023,validation,no_outbreak,sparse_zoonotic,7.1003192135029485,,,36
validation_score_arrays.npz,228,validation_sparse_zoonotic_024_outbreak,validation_sparse_zoonotic_024,validation,outbreak,sparse_zoonotic,8.545788823295519,67.0,81.0,43
validation_score_arrays.npz,229,validation_sparse_zoonotic_024_no_outbreak,validation_sparse_zoonotic_024,validation,no_outbreak,sparse_zoonotic,8.545788823295519,,,43
validation_score_arrays.npz,230,validation_sparse_zoonotic_025_outbreak,validation_sparse_zoonotic_025,validation,outbreak,sparse_zoonotic,9.269755096306543,59.0,68.0,47
validation_score_arrays.npz,231,validation_sparse_zoonotic_025_no_outbreak,validation_sparse_zoonotic_025,validation,no_outbreak,sparse_zoonotic,9.269755096306543,,,47
validation_score_arrays.npz,232,validation_sparse_zoonotic_026_outbreak,validation_sparse_zoonotic_026,validation,outbreak,sparse_zoonotic,7.653168470349517,57.0,66.0,39
validation_score_arrays.npz,233,validation_sparse_zoonotic_026_no_outbreak,validation_sparse_zoonotic_026,validation,no_outbreak,sparse_zoonotic,7.653168470349517,,,39
validation_score_arrays.npz,234,validation_sparse_zoonotic_027_outbreak,validation_sparse_zoonotic_027,validation,outbreak,sparse_zoonotic,6.160222492859711,91.0,99.0,31
validation_score_arrays.npz,235,validation_sparse_zoonotic_027_no_outbreak,validation_sparse_zoonotic_027,validation,no_outbreak,sparse_zoonotic,6.160222492859711,,,31
validation_score_arrays.npz,236,validation_sparse_zoonotic_028_outbreak,validation_sparse_zoonotic_028,validation,outbreak,sparse_zoonotic,6.757396336469854,62.0,80.0,34
validation_score_arrays.npz,237,validation_sparse_zoonotic_028_no_outbreak,validation_sparse_zoonotic_028,validation,no_outbreak,sparse_zoonotic,6.757396336469854,,,34
validation_score_arrays.npz,238,validation_sparse_zoonotic_029_outbreak,validation_sparse_zoonotic_029,validation,outbreak,sparse_zoonotic,7.74000648831538,55.0,71.0,39
validation_score_arrays.npz,239,validation_sparse_zoonotic_029_no_outbreak,validation_sparse_zoonotic_029,validation,no_outbreak,sparse_zoonotic,7.74000648831538,,,39
validation_score_arrays.npz,240,validation_contact_network_000_outbreak,validation_contact_network_000,validation,outbreak,contact_network,7.317352438523855,99.0,116.0,37
validation_score_arrays.npz,241,validation_contact_network_000_no_outbreak,validation_contact_network_000,validation,no_outbreak,contact_network,7.317352438523855,,,37
validation_score_arrays.npz,242,validation_contact_network_001_outbreak,validation_contact_network_001,validation,outbreak,contact_network,9.376283529763024,85.0,95.0,47
validation_score_arrays.npz,243,validation_contact_network_001_no_outbreak,validation_contact_network_001,validation,no_outbreak,contact_network,9.376283529763024,,,47
validation_score_arrays.npz,244,validation_contact_network_002_outbreak,validation_contact_network_002,validation,outbreak,contact_network,8.606411243380899,97.0,103.0,44
validation_score_arrays.npz,245,validation_contact_network_002_no_outbreak,validation_contact_network_002,validation,no_outbreak,contact_network,8.606411243380899,,,44
validation_score_arrays.npz,246,validation_contact_network_003_outbreak,validation_contact_network_003,validation,outbreak,contact_network,10.249785758399504,99.0,108.0,52
validation_score_arrays.npz,247,validation_contact_network_003_no_outbreak,validation_contact_network_003,validation,no_outbreak,contact_network,10.249785758399504,,,52
validation_score_arrays.npz,248,validation_contact_network_004_outbreak,validation_contact_network_004,validation,outbreak,contact_network,11.893660576613502,90.0,108.0,60
validation_score_arrays.npz,249,validation_contact_network_004_no_outbreak,validation_contact_network_004,validation,no_outbreak,contact_network,11.893660576613502,,,60
validation_score_arrays.npz,250,validation_contact_network_005_outbreak,validation_contact_network_005,validation,outbreak,contact_network,11.078942783425012,70.0,79.0,56
validation_score_arrays.npz,251,validation_contact_network_005_no_outbreak,validation_contact_network_005,validation,no_outbreak,contact_network,11.078942783425012,,,56
validation_score_arrays.npz,252,validation_contact_network_006_outbreak,validation_contact_network_006,validation,outbreak,contact_network,7.086088709687424,95.0,112.0,36
validation_score_arrays.npz,253,validation_contact_network_006_no_outbreak,validation_contact_network_006,validation,no_outbreak,contact_network,7.086088709687424,,,36
validation_score_arrays.npz,254,validation_contact_network_007_outbreak,validation_contact_network_007,validation,outbreak,contact_network,10.102514799590878,97.0,103.0,51
validation_score_arrays.npz,255,validation_contact_network_007_no_outbreak,validation_contact_network_007,validation,no_outbreak,contact_network,10.102514799590878,,,51
validation_score_arrays.npz,256,validation_contact_network_008_outbreak,validation_contact_network_008,validation,outbreak,contact_network,11.980290802082605,83.0,92.0,60
validation_score_arrays.npz,257,validation_contact_network_008_no_outbreak,validation_contact_network_008,validation,no_outbreak,contact_network,11.980290802082605,,,60
validation_score_arrays.npz,258,validation_contact_network_009_outbreak,validation_contact_network_009,validation,outbreak,contact_network,8.51889873036631,102.0,118.0,43
validation_score_arrays.npz,259,validation_contact_network_009_no_outbreak,validation_contact_network_009,validation,no_outbreak,contact_network,8.51889873036631,,,43
validation_score_arrays.npz,260,validation_contact_network_010_outbreak,validation_contact_network_010,validation,outbreak,contact_network,10.989586644984271,67.0,80.0,55
validation_score_arrays.npz,261,validation_contact_network_010_no_outbreak,validation_contact_network_010,validation,no_outbreak,contact_network,10.989586644984271,,,55
validation_score_arrays.npz,262,validation_contact_network_011_outbreak,validation_contact_network_011,validation,outbreak,contact_network,10.973106231465325,92.0,111.0,55
validation_score_arrays.npz,263,validation_contact_network_011_no_outbreak,validation_contact_network_011,validation,no_outbreak,contact_network,10.973106231465325,,,55
validation_score_arrays.npz,264,validation_contact_network_012_outbreak,validation_contact_network_012,validation,outbreak,contact_network,7.791847353096524,70.0,80.0,39
validation_score_arrays.npz,265,validation_contact_network_012_no_outbreak,validation_contact_network_012,validation,no_outbreak,contact_network,7.791847353096524,,,39
validation_score_arrays.npz,266,validation_contact_network_013_outbreak,validation_contact_network_013,validation,outbreak,contact_network,10.138022858119117,97.0,105.0,51
validation_score_arrays.npz,267,validation_contact_network_013_no_outbreak,validation_contact_network_013,validation,no_outbreak,contact_network,10.138022858119117,,,51
validation_score_arrays.npz,268,validation_contact_network_014_outbreak,validation_contact_network_014,validation,outbreak,contact_network,10.8803111754389,62.0,71.0,55
validation_score_arrays.npz,269,validation_contact_network_014_no_outbreak,validation_contact_network_014,validation,no_outbreak,contact_network,10.8803111754389,,,55
validation_score_arrays.npz,270,validation_contact_network_015_outbreak,validation_contact_network_015,validation,outbreak,contact_network,7.97022932007795,97.0,108.0,40
validation_score_arrays.npz,271,validation_contact_network_015_no_outbreak,validation_contact_network_015,validation,no_outbreak,contact_network,7.97022932007795,,,40
validation_score_arrays.npz,272,validation_contact_network_016_outbreak,validation_contact_network_016,validation,outbreak,contact_network,8.063913799851148,80.0,96.0,41
validation_score_arrays.npz,273,validation_contact_network_016_no_outbreak,validation_contact_network_016,validation,no_outbreak,contact_network,8.063913799851148,,,41
validation_score_arrays.npz,274,validation_contact_network_017_outbreak,validation_contact_network_017,validation,outbreak,contact_network,10.855795600744136,92.0,104.0,55
validation_score_arrays.npz,275,validation_contact_network_017_no_outbreak,validation_contact_network_017,validation,no_outbreak,contact_network,10.855795600744136,,,55
validation_score_arrays.npz,276,validation_contact_network_018_outbreak,validation_contact_network_018,validation,outbreak,contact_network,10.256433052512664,99.0,111.0,52
validation_score_arrays.npz,277,validation_contact_network_018_no_outbreak,validation_contact_network_018,validation,no_outbreak,contact_network,10.256433052512664,,,52
validation_score_arrays.npz,278,validation_contact_network_019_outbreak,validation_contact_network_019,validation,outbreak,contact_network,7.552225702974518,64.0,79.0,38
validation_score_arrays.npz,279,validation_contact_network_019_no_outbreak,validation_contact_network_019,validation,no_outbreak,contact_network,7.552225702974518,,,38
validation_score_arrays.npz,280,validation_contact_network_020_outbreak,validation_contact_network_020,validation,outbreak,contact_network,10.67718859856426,66.0,76.0,54
validation_score_arrays.npz,281,validation_contact_network_020_no_outbreak,validation_contact_network_020,validation,no_outbreak,contact_network,10.67718859856426,,,54
validation_score_arrays.npz,282,validation_contact_network_021_outbreak,validation_contact_network_021,validation,outbreak,contact_network,10.302972666060397,77.0,97.0,52
validation_score_arrays.npz,283,validation_contact_network_021_no_outbreak,validation_contact_network_021,validation,no_outbreak,contact_network,10.302972666060397,,,52
validation_score_arrays.npz,284,validation_contact_network_022_outbreak,validation_contact_network_022,validation,outbreak,contact_network,8.52739625808814,73.0,86.0,43
validation_score_arrays.npz,285,validation_contact_network_022_no_outbreak,validation_contact_network_022,validation,no_outbreak,contact_network,8.52739625808814,,,43
validation_score_arrays.npz,286,validation_contact_network_023_outbreak,validation_contact_network_023,validation,outbreak,contact_network,9.438474915937183,72.0,82.0,48
validation_score_arrays.npz,287,validation_contact_network_023_no_outbreak,validation_contact_network_023,validation,no_outbreak,contact_network,9.438474915937183,,,48
validation_score_arrays.npz,288,validation_contact_network_024_outbreak,validation_contact_network_024,validation,outbreak,contact_network,9.049231534985868,105.0,112.0,46
validation_score_arrays.npz,289,validation_contact_network_024_no_outbreak,validation_contact_network_024,validation,no_outbreak,contact_network,9.049231534985868,,,46
validation_score_arrays.npz,290,validation_contact_network_025_outbreak,validation_contact_network_025,validation,outbreak,contact_network,10.742463260338424,80.0,95.0,54
validation_score_arrays.npz,291,validation_contact_network_025_no_outbreak,validation_contact_network_025,validation,no_outbreak,contact_network,10.742463260338424,,,54
validation_score_arrays.npz,292,validation_contact_network_026_outbreak,validation_contact_network_026,validation,outbreak,contact_network,9.316534535408556,95.0,106.0,47
validation_score_arrays.npz,293,validation_contact_network_026_no_outbreak,validation_contact_network_026,validation,no_outbreak,contact_network,9.316534535408556,,,47
validation_score_arrays.npz,294,validation_contact_network_027_outbreak,validation_contact_network_027,validation,outbreak,contact_network,9.441901746436692,93.0,98.0,48
validation_score_arrays.npz,295,validation_contact_network_027_no_outbreak,validation_contact_network_027,validation,no_outbreak,contact_network,9.441901746436692,,,48
validation_score_arrays.npz,296,validation_contact_network_028_outbreak,validation_contact_network_028,validation,outbreak,contact_network,11.6785371195774,71.0,79.0,59
validation_score_arrays.npz,297,validation_contact_network_028_no_outbreak,validation_contact_network_028,validation,no_outbreak,contact_network,11.6785371195774,,,59
validation_score_arrays.npz,298,validation_contact_network_029_outbreak,validation_contact_network_029,validation,outbreak,contact_network,7.426265659590451,101.0,117.0,38
validation_score_arrays.npz,299,validation_contact_network_029_no_outbreak,validation_contact_network_029,validation,no_outbreak,contact_network,7.426265659590451,,,38
validation_score_arrays.npz,300,validation_slow_high_severity_000_outbreak,validation_slow_high_severity_000,validation,outbreak,slow_high_severity,9.941900168652989,94.0,117.0,50
validation_score_arrays.npz,301,validation_slow_high_severity_000_no_outbreak,validation_slow_high_severity_000,validation,no_outbreak,slow_high_severity,9.941900168652989,,,50
validation_score_arrays.npz,302,validation_slow_high_severity_001_outbreak,validation_slow_high_severity_001,validation,outbreak,slow_high_severity,12.084371673126888,108.0,125.0,61
validation_score_arrays.npz,303,validation_slow_high_severity_001_no_outbreak,validation_slow_high_severity_001,validation,no_outbreak,slow_high_severity,12.084371673126888,,,61
validation_score_arrays.npz,304,validation_slow_high_severity_002_outbreak,validation_slow_high_severity_002,validation,outbreak,slow_high_severity,9.763401939804265,87.0,107.0,49
validation_score_arrays.npz,305,validation_slow_high_severity_002_no_outbreak,validation_slow_high_severity_002,validation,no_outbreak,slow_high_severity,9.763401939804265,,,49
validation_score_arrays.npz,306,validation_slow_high_severity_003_outbreak,validation_slow_high_severity_003,validation,outbreak,slow_high_severity,8.116506984195485,94.0,106.0,41
validation_score_arrays.npz,307,validation_slow_high_severity_003_no_outbreak,validation_slow_high_severity_003,validation,no_outbreak,slow_high_severity,8.116506984195485,,,41
validation_score_arrays.npz,308,validation_slow_high_severity_004_outbreak,validation_slow_high_severity_004,validation,outbreak,slow_high_severity,12.68866246585064,83.0,90.0,64
validation_score_arrays.npz,309,validation_slow_high_severity_004_no_outbreak,validation_slow_high_severity_004,validation,no_outbreak,slow_high_severity,12.68866246585064,,,64
validation_score_arrays.npz,310,validation_slow_high_severity_005_outbreak,validation_slow_high_severity_005,validation,outbreak,slow_high_severity,8.585205808771002,92.0,109.0,43
validation_score_arrays.npz,311,validation_slow_high_severity_005_no_outbreak,validation_slow_high_severity_005,validation,no_outbreak,slow_high_severity,8.585205808771002,,,43
validation_score_arrays.npz,312,validation_slow_high_severity_006_outbreak,validation_slow_high_severity_006,validation,outbreak,slow_high_severity,9.780536500320707,76.0,84.0,49
validation_score_arrays.npz,313,validation_slow_high_severity_006_no_outbreak,validation_slow_high_severity_006,validation,no_outbreak,slow_high_severity,9.780536500320707,,,49
validation_score_arrays.npz,314,validation_slow_high_severity_007_outbreak,validation_slow_high_severity_007,validation,outbreak,slow_high_severity,12.310070494619278,88.0,104.0,62
validation_score_arrays.npz,315,validation_slow_high_severity_007_no_outbreak,validation_slow_high_severity_007,validation,no_outbreak,slow_high_severity,12.310070494619278,,,62
validation_score_arrays.npz,316,validation_slow_high_severity_008_outbreak,validation_slow_high_severity_008,validation,outbreak,slow_high_severity,11.702427287970592,73.0,84.0,59
validation_score_arrays.npz,317,validation_slow_high_severity_008_no_outbreak,validation_slow_high_severity_008,validation,no_outbreak,slow_high_severity,11.702427287970592,,,59
validation_score_arrays.npz,318,validation_slow_high_severity_009_outbreak,validation_slow_high_severity_009,validation,outbreak,slow_high_severity,10.223100035523675,94.0,112.0,52
validation_score_arrays.npz,319,validation_slow_high_severity_009_no_outbreak,validation_slow_high_severity_009,validation,no_outbreak,slow_high_severity,10.223100035523675,,,52
validation_score_arrays.npz,320,validation_slow_high_severity_010_outbreak,validation_slow_high_severity_010,validation,outbreak,slow_high_severity,11.969703967137784,74.0,85.0,60
validation_score_arrays.npz,321,validation_slow_high_severity_010_no_outbreak,validation_slow_high_severity_010,validation,no_outbreak,slow_high_severity,11.969703967137784,,,60
validation_score_arrays.npz,322,validation_slow_high_severity_011_outbreak,validation_slow_high_severity_011,validation,outbreak,slow_high_severity,11.774350503180775,73.0,81.0,59
validation_score_arrays.npz,323,validation_slow_high_severity_011_no_outbreak,validation_slow_high_severity_011,validation,no_outbreak,slow_high_severity,11.774350503180775,,,59
validation_score_arrays.npz,324,validation_slow_high_severity_012_outbreak,validation_slow_high_severity_012,validation,outbreak,slow_high_severity,11.615061126985402,96.0,112.0,59
validation_score_arrays.npz,325,validation_slow_high_severity_012_no_outbreak,validation_slow_high_severity_012,validation,no_outbreak,slow_high_severity,11.615061126985402,,,59
validation_score_arrays.npz,326,validation_slow_high_severity_013_outbreak,validation_slow_high_severity_013,validation,outbreak,slow_high_severity,12.718451959130162,106.0,112.0,64
validation_score_arrays.npz,327,validation_slow_high_severity_013_no_outbreak,validation_slow_high_severity_013,validation,no_outbreak,slow_high_severity,12.718451959130162,,,64
validation_score_arrays.npz,328,validation_slow_high_severity_014_outbreak,validation_slow_high_severity_014,validation,outbreak,slow_high_severity,9.250961297579268,100.0,111.0,47
validation_score_arrays.npz,329,validation_slow_high_severity_014_no_outbreak,validation_slow_high_severity_014,validation,no_outbreak,slow_high_severity,9.250961297579268,,,47
validation_score_arrays.npz,330,validation_slow_high_severity_015_outbreak,validation_slow_high_severity_015,validation,outbreak,slow_high_severity,10.676389952990426,102.0,112.0,54
validation_score_arrays.npz,331,validation_slow_high_severity_015_no_outbreak,validation_slow_high_severity_015,validation,no_outbreak,slow_high_severity,10.676389952990426,,,54
validation_score_arrays.npz,332,validation_slow_high_severity_016_outbreak,validation_slow_high_severity_016,validation,outbreak,slow_high_severity,11.208507824440623,93.0,108.0,57
validation_score_arrays.npz,333,validation_slow_high_severity_016_no_outbreak,validation_slow_high_severity_016,validation,no_outbreak,slow_high_severity,11.208507824440623,,,57
validation_score_arrays.npz,334,validation_slow_high_severity_017_outbreak,validation_slow_high_severity_017,validation,outbreak,slow_high_severity,8.068580335304409,92.0,114.0,41
validation_score_arrays.npz,335,validation_slow_high_severity_017_no_outbreak,validation_slow_high_severity_017,validation,no_outbreak,slow_high_severity,8.068580335304409,,,41
validation_score_arrays.npz,336,validation_slow_high_severity_018_outbreak,validation_slow_high_severity_018,validation,outbreak,slow_high_severity,11.865397069875884,106.0,115.0,60
validation_score_arrays.npz,337,validation_slow_high_severity_018_no_outbreak,validation_slow_high_severity_018,validation,no_outbreak,slow_high_severity,11.865397069875884,,,60
validation_score_arrays.npz,338,validation_slow_high_severity_019_outbreak,validation_slow_high_severity_019,validation,outbreak,slow_high_severity,9.63791322527614,69.0,81.0,49
validation_score_arrays.npz,339,validation_slow_high_severity_019_no_outbreak,validation_slow_high_severity_019,validation,no_outbreak,slow_high_severity,9.63791322527614,,,49
validation_score_arrays.npz,340,validation_slow_high_severity_020_outbreak,validation_slow_high_severity_020,validation,outbreak,slow_high_severity,10.225356839180408,100.0,127.0,52
validation_score_arrays.npz,341,validation_slow_high_severity_020_no_outbreak,validation_slow_high_severity_020,validation,no_outbreak,slow_high_severity,10.225356839180408,,,52
validation_score_arrays.npz,342,validation_slow_high_severity_021_outbreak,validation_slow_high_severity_021,validation,outbreak,slow_high_severity,10.265365845132504,71.0,84.0,52
validation_score_arrays.npz,343,validation_slow_high_severity_021_no_outbreak,validation_slow_high_severity_021,validation,no_outbreak,slow_high_severity,10.265365845132504,,,52
validation_score_arrays.npz,344,validation_slow_high_severity_022_outbreak,validation_slow_high_severity_022,validation,outbreak,slow_high_severity,9.682205604545894,98.0,116.0,49
validation_score_arrays.npz,345,validation_slow_high_severity_022_no_outbreak,validation_slow_high_severity_022,validation,no_outbreak,slow_high_severity,9.682205604545894,,,49
validation_score_arrays.npz,346,validation_slow_high_severity_023_outbreak,validation_slow_high_severity_023,validation,outbreak,slow_high_severity,10.068548360327142,72.0,89.0,51
validation_score_arrays.npz,347,validation_slow_high_severity_023_no_outbreak,validation_slow_high_severity_023,validation,no_outbreak,slow_high_severity,10.068548360327142,,,51
validation_score_arrays.npz,348,validation_slow_high_severity_024_outbreak,validation_slow_high_severity_024,validation,outbreak,slow_high_severity,10.878769231267311,78.0,89.0,55
validation_score_arrays.npz,349,validation_slow_high_severity_024_no_outbreak,validation_slow_high_severity_024,validation,no_outbreak,slow_high_severity,10.878769231267311,,,55
validation_score_arrays.npz,350,validation_slow_high_severity_025_outbreak,validation_slow_high_severity_025,validation,outbreak,slow_high_severity,11.84685168994676,73.0,87.0,60
validation_score_arrays.npz,351,validation_slow_high_severity_025_no_outbreak,validation_slow_high_severity_025,validation,no_outbreak,slow_high_severity,11.84685168994676,,,60
validation_score_arrays.npz,352,validation_slow_high_severity_026_outbreak,validation_slow_high_severity_026,validation,outbreak,slow_high_severity,8.408298702301284,88.0,101.0,43
validation_score_arrays.npz,353,validation_slow_high_severity_026_no_outbreak,validation_slow_high_severity_026,validation,no_outbreak,slow_high_severity,8.408298702301284,,,43
validation_score_arrays.npz,354,validation_slow_high_severity_027_outbreak,validation_slow_high_severity_027,validation,outbreak,slow_high_severity,8.827543597618519,88.0,102.0,45
validation_score_arrays.npz,355,validation_slow_high_severity_027_no_outbreak,validation_slow_high_severity_027,validation,no_outbreak,slow_high_severity,8.827543597618519,,,45
validation_score_arrays.npz,356,validation_slow_high_severity_028_outbreak,validation_slow_high_severity_028,validation,outbreak,slow_high_severity,12.1771469066095,99.0,103.0,61
validation_score_arrays.npz,357,validation_slow_high_severity_028_no_outbreak,validation_slow_high_severity_028,validation,no_outbreak,slow_high_severity,12.1771469066095,,,61
validation_score_arrays.npz,358,validation_slow_high_severity_029_outbreak,validation_slow_high_severity_029,validation,outbreak,slow_high_severity,10.716977373192693,100.0,116.0,54
validation_score_arrays.npz,359,validation_slow_high_severity_029_no_outbreak,validation_slow_high_severity_029,validation,no_outbreak,slow_high_severity,10.716977373192693,,,54
