city,region,bg_end,bg_mean,bg_std,sig_valid_start,bimodal_takeoff,T1,T2,T_peak,Tp,T3,T1_low,T1_high,T2_low,T2_high,Tp_low,Tp_high,pre_T1_days,alert_days,rise_days,post_peak_decline_days,resolution_days,alert_days_GT_norm,alert_days_SI_norm,T1_strength,T2_strength,T1_raw_z,T2_dom_gap,T1_to_T2_days,T1_to_peak_days,T1_lead_peak,T1_minus_sig_valid_start,short_alert_class,intervention_window,method_structural,T1_energy,T2_energy,Tp_energy,alert_days_energy,T1_energy_delta_vs_struct,T2_energy_delta_vs_struct,energy_baseline_ok,SNR,SNR_capped,log1p_SNR,T1_confidence,T2_confidence,confidence,T1_日期,T2_日期,T_peak_日期,T3_日期,disease,source_group
河北省_石家庄市,河北省_石家庄市,7,21.43,6.43,0,0.0,57,60,88,88,110,51,63,53,63,85,89,57,3,28,22,102,1.071,1.2,0.464,0.885,4.6,0.525,3,31,31,57,C_import_driven,narrow_window,v31_1_cross_pathogen_extension_v1_final_20260624,19,71,87,52,-38,11,True,394.89,394.89,5.981128895608532,high,high,high,2025-10-28,2025-10-31,2025-11-28,2025-12-20,influenza,Influenza 2025-2026 City Direct Municipality
河北省_唐山市,河北省_唐山市,7,7.0,3.12,0,0.0,60,73,87,87,115,57,65,66,80,84,89,60,13,14,28,97,4.643,5.2,0.524,0.684,3.99,-0.027,13,27,27,60,C_import_driven,actionable_window,v31_1_cross_pathogen_extension_v1_final_20260624,25,62,86,37,-35,-11,True,204.3,204.3,5.324458443661785,high,medium,high,2025-10-31,2025-11-13,2025-11-27,2025-12-25,influenza,Influenza 2025-2026 City Direct Municipality
河北省_秦皇岛市,河北省_秦皇岛市,7,4.43,2.1,0,49.0,57,60,87,87,113,54,63,53,64,84,88,57,3,27,26,99,1.071,1.2,0.592,0.797,3.52,0.399,3,30,30,57,C_import_driven,narrow_window,v31_1_cross_pathogen_extension_v1_final_20260624,51,64,86,13,-6,4,True,271.39,271.39,5.607217060339206,high,high,high,2025-10-28,2025-10-31,2025-11-27,2025-12-23,influenza,Influenza 2025-2026 City Direct Municipality
河北省_邯郸市,河北省_邯郸市,7,18.0,10.24,0,0.0,69,72,94,94,128,64,75,65,76,91,97,69,3,22,34,84,1.071,1.2,0.583,0.76,3.18,0.458,3,25,25,69,C_import_driven,narrow_window,v31_1_cross_pathogen_extension_v1_final_20260624,66,72,93,6,-3,0,True,37.47,37.47,3.649890526343264,high,high,high,2025-11-09,2025-11-12,2025-12-04,2026-01-07,influenza,Influenza 2025-2026 City Direct Municipality
河北省_邢台市,河北省_邢台市,7,10.86,6.53,0,5.0,65,68,90,90,113,63,71,61,71,88,92,65,3,22,23,99,1.071,1.2,0.674,0.714,3.11,0.221,3,25,25,65,C_import_driven,narrow_window,v31_1_cross_pathogen_extension_v1_final_20260624,18,67,90,49,-47,-1,True,84.41,84.41,4.4474123782687,high,high,high,2025-11-05,2025-11-08,2025-11-30,2025-12-23,influenza,Influenza 2025-2026 City Direct Municipality
河北省_保定市,河北省_保定市,7,13.71,3.7,0,45.0,56,59,85,85,107,55,62,52,61,83,86,56,3,26,22,105,1.071,1.2,0.475,0.726,13.91,0.353,3,29,29,56,C_import_driven,narrow_window,v31_1_cross_pathogen_extension_v1_final_20260624,23,56,84,33,-33,-3,True,615.47,615.47,6.424012230342483,high,high,high,2025-10-27,2025-10-30,2025-11-25,2025-12-17,influenza,Influenza 2025-2026 City Direct Municipality
河北省_张家口市,河北省_张家口市,7,6.14,2.48,0,53.0,71,77,83,83,115,70,76,70,84,82,85,71,6,6,32,97,2.143,2.4,0.666,0.683,50.19,-0.115,6,12,12,71,C_import_driven,moderate_window,v31_1_cross_pathogen_extension_v1_final_20260624,59,64,84,5,-12,-13,True,91.1,91.1,4.522892856836567,high,medium,high,2025-11-11,2025-11-17,2025-11-23,2025-12-25,influenza,Influenza 2025-2026 City Direct Municipality
河北省_承德市,河北省_承德市,7,28.14,6.51,0,56.0,63,73,83,83,113,62,69,66,80,81,84,63,10,10,30,99,3.571,4.0,0.644,0.65,5.4,-0.14,10,20,20,63,C_import_driven,actionable_window,v31_1_cross_pathogen_extension_v1_final_20260624,16,54,83,38,-47,-19,True,50.41,50.41,3.9397639457366154,high,medium,high,2025-11-03,2025-11-13,2025-11-23,2025-12-23,influenza,Influenza 2025-2026 City Direct Municipality
河北省_沧州市,河北省_沧州市,7,10.86,4.36,0,0.0,50,70,90,90,114,50,56,63,77,88,92,50,20,20,24,98,7.143,8.0,0.523,0.591,3.3,-0.25,20,40,40,50,C_import_driven,actionable_window,v31_1_cross_pathogen_extension_v1_final_20260624,20,64,90,44,-30,-6,True,117.31,117.31,4.773339324356282,high,medium,high,2025-10-21,2025-11-10,2025-11-30,2025-12-24,influenza,Influenza 2025-2026 City Direct Municipality
河北省_廊坊市,河北省_廊坊市,7,9.86,3.68,0,0.0,45,61,78,78,110,42,50,56,68,74,82,45,16,17,32,102,5.714,6.4,0.822,0.764,3.0,-0.13,16,33,33,45,C_import_driven,actionable_window,v31_1_cross_pathogen_extension_v1_final_20260624,24,44,79,20,-21,-17,True,150.55,150.55,5.020926766975146,high,medium,high,2025-10-16,2025-11-01,2025-11-18,2025-12-20,influenza,Influenza 2025-2026 City Direct Municipality
河北省_衡水市,河北省_衡水市,7,4.14,2.04,0,0.0,51,54,94,94,166,45,57,47,61,92,96,51,3,40,72,46,1.071,1.2,0.507,0.9,3.2,0.994,3,43,43,51,C_import_driven,narrow_window,v31_1_cross_pathogen_extension_v1_final_20260624,28,67,94,39,-23,13,True,323.14,323.14,5.781167570126734,high,high,high,2025-10-22,2025-10-25,2025-12-04,2026-02-14,influenza,Influenza 2025-2026 City Direct Municipality
山西省_太原市,山西省_太原市,7,18.14,7.22,0,0.0,54,55,79,79,129,52,60,48,57,77,81,54,1,24,50,83,0.357,0.4,0.574,0.775,4.99,0.183,1,25,25,54,C_import_driven,too_short_for_action,v31_1_cross_pathogen_extension_v1_final_20260624,49,52,79,3,-5,-3,True,93.23,93.23,4.545757055073006,high,high,high,2025-10-25,2025-10-26,2025-11-19,2026-01-08,influenza,Influenza 2025-2026 City Direct Municipality
山西省_大同市,山西省_大同市,7,3.71,1.98,0,0.0,50,53,89,89,117,45,56,46,60,87,91,50,3,36,28,95,1.071,1.2,0.628,0.834,2.69,0.315,3,39,39,50,C_import_driven,narrow_window,v31_1_cross_pathogen_extension_v1_final_20260624,47,61,89,14,-3,8,True,67.84,67.84,4.2317201618453435,high,high,high,2025-10-21,2025-10-24,2025-11-29,2025-12-27,influenza,Influenza 2025-2026 City Direct Municipality
山西省_阳泉市,山西省_阳泉市,30,1.77,1.48,0,6.0,56,57,77,77,109,50,62,50,62,75,78,56,1,20,32,103,0.357,0.4,0.645,0.661,2.68,0.263,1,21,21,56,C_import_driven,too_short_for_action,v31_1_cross_pathogen_extension_v1_final_20260624,44,54,77,10,-12,-3,True,80.47,80.47,4.400286352317075,high,high,high,2025-10-27,2025-10-28,2025-11-17,2025-12-19,influenza,Influenza 2025-2026 City Direct Municipality
山西省_长治市,山西省_长治市,14,2.0,1.65,0,4.0,54,57,87,87,112,48,60,50,62,85,88,54,3,30,25,100,1.071,1.2,0.37,0.781,2.54,0.304,3,33,33,54,C_import_driven,narrow_window,v31_1_cross_pathogen_extension_v1_final_20260624,20,60,86,40,-34,3,True,363.85,363.85,5.899484106794441,medium,high,medium,2025-10-25,2025-10-28,2025-11-27,2025-12-22,influenza,Influenza 2025-2026 City Direct Municipality
山西省_晋城市,山西省_晋城市,7,4.86,3.18,0,44.0,62,76,90,90,114,60,66,70,83,88,92,62,14,14,24,98,5.0,5.6,0.732,0.734,10.39,-0.041,14,28,28,62,C_import_driven,actionable_window,v31_1_cross_pathogen_extension_v1_final_20260624,58,62,90,4,-4,-14,True,226.77,226.77,5.428333395922475,high,medium,high,2025-11-02,2025-11-16,2025-11-30,2025-12-24,influenza,Influenza 2025-2026 City Direct Municipality
山西省_朔州市,山西省_朔州市,7,13.14,4.19,0,0.0,61,62,81,81,92,55,67,55,65,79,83,61,1,19,11,120,0.357,0.4,0.592,0.727,2.54,0.153,1,20,20,61,C_import_driven,too_short_for_action,v31_1_cross_pathogen_extension_v1_final_20260624,59,62,81,3,-2,0,True,11.57,11.57,2.5311071723956164,high,high,medium,2025-11-01,2025-11-02,2025-11-21,2025-12-02,influenza,Influenza 2025-2026 City Direct Municipality
山西省_晋中市,山西省_晋中市,8,2.75,2.17,0,50.0,57,60,85,85,113,53,63,53,62,84,86,57,3,25,28,99,1.071,1.2,0.55,0.751,2.92,0.569,3,28,28,57,C_import_driven,narrow_window,v31_1_cross_pathogen_extension_v1_final_20260624,19,64,85,45,-38,4,True,103.5,103.5,4.649208307589876,high,high,high,2025-10-28,2025-10-31,2025-11-25,2025-12-23,influenza,Influenza 2025-2026 City Direct Municipality
山西省_运城市,山西省_运城市,7,4.86,2.36,0,46.0,54,57,84,84,125,48,60,50,61,81,87,54,3,27,41,87,1.071,1.2,0.467,0.887,5.86,0.879,3,30,30,54,C_import_driven,narrow_window,v31_1_cross_pathogen_extension_v1_final_20260624,58,65,84,7,4,8,True,169.7,169.7,5.139932979197998,high,high,high,2025-10-25,2025-10-28,2025-11-24,2026-01-04,influenza,Influenza 2025-2026 City Direct Municipality
山西省_忻州市,山西省_忻州市,7,5.86,2.59,0,50.0,77,79,82,82,114,75,83,72,86,80,83,77,2,3,32,98,0.714,0.8,0.502,0.691,41.15,-0.064,2,5,5,77,C_import_driven,too_short_for_action,v31_1_cross_pathogen_extension_v1_final_20260624,60,66,82,6,-17,-13,True,41.58,41.58,3.751338940651737,high,medium,high,2025-11-17,2025-11-19,2025-11-22,2025-12-24,influenza,Influenza 2025-2026 City Direct Municipality
山西省_临汾市,山西省_临汾市,7,5.14,3.36,0,38.0,59,68,78,78,117,53,63,61,75,76,81,59,9,10,39,95,3.214,3.6,0.56,0.63,46.47,-0.057,9,19,19,59,C_import_driven,actionable_window,v31_1_cross_pathogen_extension_v1_final_20260624,17,45,79,28,-42,-23,True,51.61,51.61,3.962889829148094,high,medium,high,2025-10-30,2025-11-08,2025-11-18,2025-12-27,influenza,Influenza 2025-2026 City Direct Municipality
山西省_吕梁市,山西省_吕梁市,7,3.57,2.13,0,0.0,57,58,85,85,114,56,63,51,59,84,87,57,1,27,29,98,0.357,0.4,0.597,0.7,2.88,0.109,1,28,28,57,C_import_driven,too_short_for_action,v31_1_cross_pathogen_extension_v1_final_20260624,52,70,85,18,-5,12,True,153.53,153.53,5.040374546434897,high,high,high,2025-10-28,2025-10-29,2025-11-25,2025-12-24,influenza,Influenza 2025-2026 City Direct Municipality
内蒙古自治区_呼和浩特市,内蒙古自治区_呼和浩特市,30,2.03,1.78,0,40.0,51,61,72,72,115,45,54,57,68,69,73,51,10,11,43,97,3.571,4.0,0.828,0.686,3.97,-0.11,10,21,21,51,C_import_driven,actionable_window,v31_1_cross_pathogen_extension_v1_final_20260624,30,62,71,32,-21,1,True,176.87,176.87,5.18107260311807,high,medium,high,2025-10-22,2025-11-01,2025-11-12,2025-12-25,influenza,Influenza 2025-2026 City Direct Municipality
内蒙古自治区_包头市,内蒙古自治区_包头市,30,0.93,1.03,0,0.0,48,51,68,68,108,42,54,44,58,65,69,48,3,17,40,104,1.071,1.2,0.611,0.675,3.35,0.283,3,20,20,48,C_import_driven,narrow_window,v31_1_cross_pathogen_extension_v1_final_20260624,42,50,67,8,-6,-1,True,108.18,108.18,4.692973372409126,high,high,high,2025-10-19,2025-10-22,2025-11-08,2025-12-18,influenza,Influenza 2025-2026 City Direct Municipality
内蒙古自治区_乌海市,内蒙古自治区_乌海市,30,0.27,0.71,0,,48,57,66,66,105,42,54,50,64,64,69,48,9,9,39,107,3.214,3.6,0.452,0.623,3.04,-0.012,9,18,18,48,C_import_driven,actionable_window,v31_1_cross_pathogen_extension_v1_final_20260624,46,49,67,3,-2,-8,True,171.49,171.49,5.150342165949195,medium,medium,medium,2025-10-19,2025-10-28,2025-11-06,2025-12-15,influenza,Influenza 2025-2026 City Direct Municipality
内蒙古自治区_赤峰市,内蒙古自治区_赤峰市,7,17.86,4.61,0,47.0,63,72,82,82,119,62,69,65,79,81,83,63,9,10,37,93,3.214,3.6,0.686,0.705,10.0,-0.099,9,19,19,63,C_import_driven,actionable_window,v31_1_cross_pathogen_extension_v1_final_20260624,22,61,82,39,-41,-11,True,61.55,61.55,4.135992852841768,high,medium,high,2025-11-03,2025-11-12,2025-11-22,2025-12-29,influenza,Influenza 2025-2026 City Direct Municipality
内蒙古自治区_通辽市,内蒙古自治区_通辽市,30,1.33,1.15,0,0.0,55,58,86,86,175,49,61,51,65,84,88,55,3,28,89,37,1.071,1.2,0.52,0.834,3.4,0.976,3,31,31,55,C_import_driven,narrow_window,v31_1_cross_pathogen_extension_v1_final_20260624,48,56,86,8,-7,-2,True,173.61,173.61,5.162571722939675,high,high,high,2025-10-26,2025-10-29,2025-11-26,2026-02-23,influenza,Influenza 2025-2026 City Direct Municipality
内蒙古自治区_鄂尔多斯市,内蒙古自治区_鄂尔多斯市,30,2.3,1.72,0,39.0,48,51,71,71,108,47,54,44,52,69,73,48,3,20,37,104,1.071,1.2,0.574,0.721,3.01,0.409,3,23,23,48,C_import_driven,narrow_window,v31_1_cross_pathogen_extension_v1_final_20260624,41,46,71,5,-7,-5,True,206.81,206.81,5.336626996733475,high,high,high,2025-10-19,2025-10-22,2025-11-11,2025-12-18,influenza,Influenza 2025-2026 City Direct Municipality
内蒙古自治区_呼伦贝尔市,内蒙古自治区_呼伦贝尔市,30,0.83,1.0,0,33.0,42,45,78,78,122,36,44,38,48,75,82,42,3,33,44,90,1.071,1.2,0.492,0.748,2.55,0.748,3,36,36,42,C_import_driven,narrow_window,v31_1_cross_pathogen_extension_v1_final_20260624,40,55,79,15,-2,10,True,181.07,181.07,5.2043972873756195,high,high,high,2025-10-13,2025-10-16,2025-11-18,2026-01-01,influenza,Influenza 2025-2026 City Direct Municipality
内蒙古自治区_巴彦淖尔市,内蒙古自治区_巴彦淖尔市,9,2.22,1.49,0,0.0,51,60,70,70,98,49,57,53,67,68,71,51,9,10,28,114,3.214,3.6,0.831,0.527,2.62,-0.362,9,19,19,51,C_import_driven,actionable_window,v31_1_cross_pathogen_extension_v1_final_20260624,43,58,70,15,-8,-2,True,85.94,85.94,4.465200181473453,high,medium,high,2025-10-22,2025-10-31,2025-11-10,2025-12-08,influenza,Influenza 2025-2026 City Direct Municipality
内蒙古自治区_乌兰察布市,内蒙古自治区_乌兰察布市,30,0.7,0.9,0,0.0,60,63,83,83,116,54,66,56,66,80,85,60,3,20,33,96,1.071,1.2,0.575,0.769,3.18,0.708,3,23,23,60,C_import_driven,narrow_window,v31_1_cross_pathogen_extension_v1_final_20260624,38,58,82,20,-22,-5,True,173.06,173.06,5.1593904343061245,high,high,high,2025-10-31,2025-11-03,2025-11-23,2025-12-26,influenza,Influenza 2025-2026 City Direct Municipality
辽宁省_沈阳市,辽宁省_沈阳市,7,23.57,5.6,0,45.0,53,65,78,78,129,51,54,59,72,75,82,53,12,13,51,83,4.286,4.8,0.859,0.761,2.68,-0.093,12,25,25,53,C_import_driven,actionable_window,v31_1_cross_pathogen_extension_v1_final_20260624,20,52,79,32,-33,-13,True,158.45,158.45,5.071733953940993,high,medium,high,2025-10-24,2025-11-05,2025-11-18,2026-01-08,influenza,Influenza 2025-2026 City Direct Municipality
辽宁省_大连市,辽宁省_大连市,7,2.71,1.75,6,0.0,42,45,84,84,136,36,45,38,48,82,86,42,3,39,52,76,1.071,1.2,0.644,0.918,3.2,0.498,3,42,42,36,D_unclassified,narrow_window,v31_1_cross_pathogen_extension_v1_final_20260624,20,59,84,39,-22,14,True,357.26,357.26,5.881270931251165,high,high,high,2025-10-13,2025-10-16,2025-11-24,2026-01-15,influenza,Influenza 2025-2026 City Direct Municipality
辽宁省_鞍山市,辽宁省_鞍山市,30,0.57,0.8,0,0.0,58,69,80,80,119,56,64,62,76,78,82,58,11,11,39,93,3.929,4.4,0.582,0.616,3.83,-0.269,11,22,22,58,C_import_driven,actionable_window,v31_1_cross_pathogen_extension_v1_final_20260624,52,55,80,3,-6,-14,True,45.37,45.37,3.8366365431267284,high,medium,high,2025-10-29,2025-11-09,2025-11-20,2025-12-29,influenza,Influenza 2025-2026 City Direct Municipality
辽宁省_抚顺市,辽宁省_抚顺市,30,0.23,0.71,6,0.0,48,49,83,83,125,42,54,42,56,81,85,48,1,34,42,87,0.357,0.4,0.558,0.732,4.32,0.153,1,35,35,42,D_unclassified,too_short_for_action,v31_1_cross_pathogen_extension_v1_final_20260624,46,56,83,10,-2,7,True,501.28,501.28,6.219161314372541,high,high,high,2025-10-19,2025-10-20,2025-11-23,2026-01-04,influenza,Influenza 2025-2026 City Direct Municipality
辽宁省_本溪市,辽宁省_本溪市,30,0.27,0.71,35,5.0,56,59,82,82,120,54,62,52,61,80,83,56,3,23,38,92,1.071,1.2,0.636,0.778,2.64,0.72,3,26,26,21,D_unclassified,narrow_window,v31_1_cross_pathogen_extension_v1_final_20260624,49,60,82,11,-7,1,True,385.66,385.66,5.957543509427474,high,high,high,2025-10-27,2025-10-30,2025-11-22,2025-12-30,influenza,Influenza 2025-2026 City Direct Municipality
辽宁省_丹东市,辽宁省_丹东市,30,0.47,0.72,0,43.0,70,76,83,83,124,69,73,69,83,82,86,70,6,7,41,88,2.143,2.4,0.767,0.565,50.81,-0.129,6,13,13,70,C_import_driven,moderate_window,v31_1_cross_pathogen_extension_v1_final_20260624,45,64,84,19,-25,-12,True,165.81,165.81,5.116833905432984,high,medium,high,2025-11-10,2025-11-16,2025-11-23,2026-01-03,influenza,Influenza 2025-2026 City Direct Municipality
辽宁省_锦州市,辽宁省_锦州市,30,0.67,0.82,0,0.0,51,54,81,81,106,48,57,47,56,79,83,51,3,27,25,106,1.071,1.2,0.614,0.714,3.22,0.501,3,30,30,51,C_import_driven,narrow_window,v31_1_cross_pathogen_extension_v1_final_20260624,45,59,81,14,-6,5,True,125.81,125.81,4.842695157036807,high,high,high,2025-10-22,2025-10-25,2025-11-21,2025-12-16,influenza,Influenza 2025-2026 City Direct Municipality
辽宁省_营口市,辽宁省_营口市,30,1.27,1.46,0,50.0,69,78,88,88,114,68,75,71,85,87,90,69,9,10,26,98,3.214,3.6,0.718,0.545,33.23,-0.397,9,19,19,69,C_import_driven,actionable_window,v31_1_cross_pathogen_extension_v1_final_20260624,53,69,88,16,-16,-9,True,203.04,203.04,5.318335900672874,high,medium,high,2025-11-09,2025-11-18,2025-11-28,2025-12-24,influenza,Influenza 2025-2026 City Direct Municipality
辽宁省_阜新市,辽宁省_阜新市,10,2.1,1.76,0,0.0,82,84,87,87,141,81,88,77,86,85,90,82,2,3,54,71,0.714,0.8,0.589,0.576,38.02,-0.124,2,5,5,82,C_import_driven,too_short_for_action,v31_1_cross_pathogen_extension_v1_final_20260624,19,71,87,52,-63,-13,True,37.7,37.7,3.655939114912762,high,medium,high,2025-11-22,2025-11-24,2025-11-27,2026-01-20,influenza,Influenza 2025-2026 City Direct Municipality
辽宁省_辽阳市,辽宁省_辽阳市,30,1.87,1.5,0,50.0,63,66,89,89,144,59,69,59,69,86,92,63,3,23,55,68,1.071,1.2,0.541,0.797,3.54,0.843,3,26,26,63,C_import_driven,narrow_window,v31_1_cross_pathogen_extension_v1_final_20260624,41,60,89,19,-22,-6,True,102.37,102.37,4.638271474641228,high,high,high,2025-11-03,2025-11-06,2025-11-29,2026-01-23,influenza,Influenza 2025-2026 City Direct Municipality
辽宁省_盘锦市,辽宁省_盘锦市,30,0.7,0.84,0,39.0,49,52,72,72,111,43,55,45,57,69,73,49,3,20,39,101,1.071,1.2,0.506,0.762,2.7,0.342,3,23,23,49,C_import_driven,narrow_window,v31_1_cross_pathogen_extension_v1_final_20260624,44,59,71,15,-5,7,True,126.99,126.99,4.851943291816407,high,high,high,2025-10-20,2025-10-23,2025-11-12,2025-12-21,influenza,Influenza 2025-2026 City Direct Municipality
辽宁省_铁岭市,辽宁省_铁岭市,30,0.6,0.77,0,5.0,62,63,85,85,116,61,68,56,64,84,87,62,1,22,31,96,0.357,0.4,0.678,0.722,6.18,-0.044,1,23,23,62,C_import_driven,too_short_for_action,v31_1_cross_pathogen_extension_v1_final_20260624,55,64,85,9,-7,1,True,207.68,207.68,5.340798679312288,high,medium,high,2025-11-02,2025-11-03,2025-11-25,2025-12-26,influenza,Influenza 2025-2026 City Direct Municipality
辽宁省_朝阳市,辽宁省_朝阳市,7,3.14,1.77,0,0.0,56,59,77,77,112,54,62,52,61,76,78,56,3,18,35,100,1.071,1.2,0.505,0.71,4.86,0.551,3,21,21,56,C_import_driven,narrow_window,v31_1_cross_pathogen_extension_v1_final_20260624,50,56,77,6,-6,-3,True,54.5,54.5,4.016454569824412,high,high,high,2025-10-27,2025-10-30,2025-11-17,2025-12-22,influenza,Influenza 2025-2026 City Direct Municipality
辽宁省_葫芦岛市,辽宁省_葫芦岛市,30,0.3,0.71,16,5.0,70,78,87,87,125,67,76,71,85,85,89,70,8,9,38,87,2.857,3.2,0.504,0.624,53.6,-0.109,8,17,17,54,D_unclassified,actionable_window,v31_1_cross_pathogen_extension_v1_final_20260624,56,72,87,16,-14,-6,True,588.07,588.07,6.378552372466236,high,medium,high,2025-11-10,2025-11-18,2025-11-27,2026-01-04,influenza,Influenza 2025-2026 City Direct Municipality
吉林省_长春市,吉林省_长春市,7,5.0,2.24,0,,39,42,63,63,99,34,45,35,44,61,64,39,3,21,36,113,1.071,1.2,0.503,0.784,3.27,0.582,3,24,24,39,C_import_driven,narrow_window,v31_1_cross_pathogen_extension_v1_final_20260624,36,39,63,3,-3,-3,True,88.21,88.21,4.490951055740926,high,high,high,2025-10-10,2025-10-13,2025-11-03,2025-12-09,influenza,Influenza 2025-2026 City Direct Municipality
吉林省_吉林市,吉林省_吉林市,30,0.93,0.97,0,4.0,43,46,65,65,108,41,49,39,50,64,67,43,3,19,43,104,1.071,1.2,0.626,0.799,2.78,0.737,3,22,22,43,C_import_driven,narrow_window,v31_1_cross_pathogen_extension_v1_final_20260624,30,50,65,20,-13,4,True,87.68,87.68,4.485082474587504,high,high,high,2025-10-14,2025-10-17,2025-11-05,2025-12-18,influenza,Influenza 2025-2026 City Direct Municipality
吉林省_四平市,吉林省_四平市,30,0.5,0.71,0,38.0,50,53,70,70,117,44,52,46,56,67,72,50,3,17,47,95,1.071,1.2,0.408,0.763,3.03,0.764,3,20,20,50,C_import_driven,narrow_window,v31_1_cross_pathogen_extension_v1_final_20260624,43,46,69,3,-7,-7,True,74.06,74.06,4.318350130990956,medium,high,medium,2025-10-21,2025-10-24,2025-11-10,2025-12-27,influenza,Influenza 2025-2026 City Direct Municipality
吉林省_辽源市,吉林省_辽源市,30,0.23,0.71,0,1.0,57,58,73,73,120,51,58,51,65,71,75,57,1,15,47,92,0.357,0.4,0.565,0.62,2.53,0.228,1,16,16,57,C_import_driven,too_short_for_action,v31_1_cross_pathogen_extension_v1_final_20260624,46,49,73,3,-11,-9,True,104.26,104.26,4.656431953264099,high,high,high,2025-10-28,2025-10-29,2025-11-13,2025-12-30,influenza,Influenza 2025-2026 City Direct Municipality
吉林省_通化市,吉林省_通化市,16,1.44,1.2,0,,44,47,66,66,108,38,50,40,50,63,69,44,3,19,42,104,1.071,1.2,0.647,0.781,3.31,0.586,3,22,22,44,C_import_driven,narrow_window,v31_1_cross_pathogen_extension_v1_final_20260624,21,37,66,16,-23,-10,True,36.83,36.83,3.6332282418243724,high,high,high,2025-10-15,2025-10-18,2025-11-06,2025-12-18,influenza,Influenza 2025-2026 City Direct Municipality
吉林省_白山市,吉林省_白山市,30,0.1,0.71,0,0.0,55,56,72,72,102,49,56,49,63,69,73,55,1,16,30,110,0.357,0.4,0.798,0.538,3.12,-0.014,1,17,17,55,C_import_driven,too_short_for_action,v31_1_cross_pathogen_extension_v1_final_20260624,53,56,71,3,-2,0,True,139.44,139.44,4.944804118346066,high,medium,high,2025-10-26,2025-10-27,2025-11-12,2025-12-12,influenza,Influenza 2025-2026 City Direct Municipality
吉林省_松原市,吉林省_松原市,30,1.47,1.21,0,0.0,48,60,73,73,99,48,54,53,67,71,74,48,12,13,26,113,4.286,4.8,0.6,0.634,3.09,-0.15,12,25,25,48,C_import_driven,actionable_window,v31_1_cross_pathogen_extension_v1_final_20260624,42,56,72,14,-6,-4,True,69.05,69.05,4.249203908834795,high,medium,high,2025-10-19,2025-10-31,2025-11-13,2025-12-09,influenza,Influenza 2025-2026 City Direct Municipality
吉林省_白城市,吉林省_白城市,30,1.23,1.2,0,45.0,52,55,71,71,157,50,57,48,56,68,74,52,3,16,86,55,1.071,1.2,0.581,0.845,3.47,0.56,3,19,19,52,C_import_driven,narrow_window,v31_1_cross_pathogen_extension_v1_final_20260624,39,50,70,11,-13,-5,True,23.72,23.72,3.207466810445106,high,high,high,2025-10-23,2025-10-26,2025-11-11,2026-02-05,influenza,Influenza 2025-2026 City Direct Municipality
吉林省_梅河口市,吉林省_梅河口市,30,0.0,0.71,25,28.0,54,60,66,66,90,48,55,58,67,65,67,54,6,6,24,122,2.143,2.4,0.739,0.553,3.08,-0.25,6,12,12,29,A_fast_outbreak,moderate_window,v31_1_cross_pathogen_extension_v1_final_20260624,51,54,66,3,-3,-6,True,711716685938.53,1000.0,27.290945756163726,high,medium,high,2025-10-25,2025-10-31,2025-11-06,2025-11-30,influenza,Influenza 2025-2026 City Direct Municipality
黑龙江省_哈尔滨市,黑龙江省_哈尔滨市,7,4.57,2.97,0,38.0,46,49,72,72,137,40,50,42,56,70,75,46,3,23,65,75,1.071,1.2,0.502,0.802,2.64,0.952,3,26,26,46,C_import_driven,narrow_window,v31_1_cross_pathogen_extension_v1_final_20260624,30,38,72,8,-16,-11,True,256.71,256.71,5.551821277552315,high,high,high,2025-10-17,2025-10-20,2025-11-12,2026-01-16,influenza,Influenza 2025-2026 City Direct Municipality
黑龙江省_齐齐哈尔市,黑龙江省_齐齐哈尔市,30,0.83,0.91,0,4.0,65,68,72,72,167,64,71,61,75,70,74,65,3,4,95,45,1.071,1.2,0.772,0.53,82.78,-0.522,3,7,7,65,C_import_driven,narrow_window,v31_1_cross_pathogen_extension_v1_final_20260624,37,54,72,17,-28,-14,True,105.1,105.1,4.664391175238087,high,medium,high,2025-11-05,2025-11-08,2025-11-12,2026-02-15,influenza,Influenza 2025-2026 City Direct Municipality
黑龙江省_鸡西市,黑龙江省_鸡西市,30,1.37,1.28,0,2.0,51,52,74,74,119,45,53,45,59,71,78,51,1,22,45,93,0.357,0.4,0.578,0.698,2.63,0.144,1,23,23,51,C_import_driven,too_short_for_action,v31_1_cross_pathogen_extension_v1_final_20260624,44,57,76,13,-7,5,True,87.27,87.27,4.480405537636869,high,high,high,2025-10-22,2025-10-23,2025-11-14,2025-12-29,influenza,Influenza 2025-2026 City Direct Municipality
黑龙江省_鹤岗市,黑龙江省_鹤岗市,30,0.23,0.71,28,0.0,55,58,88,88,158,49,61,51,64,86,91,55,3,30,70,54,1.071,1.2,0.549,0.815,3.78,0.87,3,33,33,27,D_unclassified,narrow_window,v31_1_cross_pathogen_extension_v1_final_20260624,42,55,88,13,-13,-3,True,251.44,251.44,5.531159779823871,high,high,high,2025-10-26,2025-10-29,2025-11-28,2026-02-06,influenza,Influenza 2025-2026 City Direct Municipality
黑龙江省_双鸭山市,黑龙江省_双鸭山市,11,1.45,1.44,0,0.0,57,58,74,74,118,54,62,51,65,72,75,57,1,16,44,94,0.357,0.4,0.771,0.549,3.29,-0.16,1,17,17,57,C_import_driven,too_short_for_action,v31_1_cross_pathogen_extension_v1_final_20260624,39,51,74,12,-18,-7,True,50.78,50.78,3.946985880391997,high,medium,high,2025-10-28,2025-10-29,2025-11-14,2025-12-28,influenza,Influenza 2025-2026 City Direct Municipality
黑龙江省_大庆市,黑龙江省_大庆市,7,7.86,2.8,0,0.0,57,71,86,86,134,53,63,67,76,84,88,57,14,15,48,78,5.0,5.6,0.722,0.553,2.87,-0.172,14,29,29,57,C_import_driven,actionable_window,v31_1_cross_pathogen_extension_v1_final_20260624,49,53,86,4,-8,-18,True,29.49,29.49,3.4175307052414174,high,medium,high,2025-10-28,2025-11-11,2025-11-26,2026-01-13,influenza,Influenza 2025-2026 City Direct Municipality
黑龙江省_伊春市,黑龙江省_伊春市,30,0.33,0.71,0,35.0,52,68,84,84,136,49,58,61,75,83,86,52,16,16,52,76,5.714,6.4,0.492,0.707,9.49,0.084,16,32,32,52,C_import_driven,actionable_window,v31_1_cross_pathogen_extension_v1_final_20260624,42,60,84,18,-10,-8,True,61.43,61.43,4.1339725738154565,high,high,high,2025-10-23,2025-11-08,2025-11-24,2026-01-15,influenza,Influenza 2025-2026 City Direct Municipality
黑龙江省_佳木斯市,黑龙江省_佳木斯市,7,4.0,2.83,0,50.0,62,65,85,85,124,61,68,58,67,82,86,62,3,20,39,88,1.071,1.2,0.608,0.749,3.15,0.511,3,23,23,62,C_import_driven,narrow_window,v31_1_cross_pathogen_extension_v1_final_20260624,25,63,84,38,-37,-2,True,79.07,79.07,4.382851325858173,high,high,high,2025-11-02,2025-11-05,2025-11-25,2026-01-03,influenza,Influenza 2025-2026 City Direct Municipality
黑龙江省_七台河市,黑龙江省_七台河市,30,0.07,0.71,9,,48,58,68,68,129,48,54,51,65,65,69,48,10,10,61,83,3.571,4.0,0.717,0.533,2.69,-0.156,10,20,20,39,D_unclassified,actionable_window,v31_1_cross_pathogen_extension_v1_final_20260624,46,51,67,5,-2,-7,True,738677924057.67,1000.0,27.328127836180983,high,medium,high,2025-10-19,2025-10-29,2025-11-08,2026-01-08,influenza,Influenza 2025-2026 City Direct Municipality
黑龙江省_牡丹江市,黑龙江省_牡丹江市,30,0.8,0.89,8,0.0,55,56,76,76,104,52,61,49,57,74,77,55,1,20,28,108,0.357,0.4,0.636,0.71,4.39,0.454,1,21,21,47,D_unclassified,too_short_for_action,v31_1_cross_pathogen_extension_v1_final_20260624,30,54,75,24,-25,-2,True,339.6,339.6,5.830707387068914,high,high,high,2025-10-26,2025-10-27,2025-11-16,2025-12-14,influenza,Influenza 2025-2026 City Direct Municipality
黑龙江省_黑河市,黑龙江省_黑河市,30,0.43,0.76,0,34.0,55,63,71,71,136,49,56,56,70,69,73,55,8,8,65,76,2.857,3.2,0.604,0.72,2.57,0.023,8,16,16,55,C_import_driven,actionable_window,v31_1_cross_pathogen_extension_v1_final_20260624,42,55,71,13,-13,-8,True,94.31,94.31,4.557114515964201,high,high,high,2025-10-26,2025-11-03,2025-11-11,2026-01-15,influenza,Influenza 2025-2026 City Direct Municipality
黑龙江省_绥化市,黑龙江省_绥化市,30,1.03,1.38,0,0.0,55,58,76,76,135,49,61,51,65,74,78,55,3,18,59,77,1.071,1.2,0.576,0.838,2.84,0.946,3,21,21,55,C_import_driven,narrow_window,v31_1_cross_pathogen_extension_v1_final_20260624,41,51,76,10,-14,-7,True,98.83,98.83,4.603482661785464,high,high,high,2025-10-26,2025-10-29,2025-11-16,2026-01-14,influenza,Influenza 2025-2026 City Direct Municipality
江苏省_南京市,江苏省_南京市,7,41.29,10.9,0,50.0,68,82,97,97,135,65,73,75,89,95,99,68,14,15,38,77,5.0,5.6,0.826,0.545,20.07,-0.226,14,29,29,68,C_import_driven,actionable_window,v31_1_cross_pathogen_extension_v1_final_20260624,19,83,97,64,-49,1,True,354.87,354.87,5.874562040685488,high,medium,high,2025-11-08,2025-11-22,2025-12-07,2026-01-14,influenza,Influenza 2025-2026 City Direct Municipality
江苏省_无锡市,江苏省_无锡市,7,4.86,2.75,21,5.0,62,65,99,99,143,61,68,58,71,97,101,62,3,34,44,69,1.071,1.2,0.418,0.884,34.83,0.62,3,37,37,41,D_unclassified,narrow_window,v31_1_cross_pathogen_extension_v1_final_20260624,24,70,99,46,-38,5,True,722.27,722.27,6.5837867086138795,medium,high,medium,2025-11-02,2025-11-05,2025-12-09,2026-01-22,influenza,Influenza 2025-2026 City Direct Municipality
江苏省_徐州市,江苏省_徐州市,7,2.57,1.6,32,0.0,67,70,93,93,119,66,71,63,71,91,95,67,3,23,26,93,1.071,1.2,0.552,0.819,74.52,0.383,3,26,26,35,D_unclassified,narrow_window,v31_1_cross_pathogen_extension_v1_final_20260624,69,75,93,6,2,5,True,951.4,951.4,6.858988736167044,high,high,high,2025-11-07,2025-11-10,2025-12-03,2025-12-29,influenza,Influenza 2025-2026 City Direct Municipality
江苏省_常州市,江苏省_常州市,8,2.25,1.5,0,0.0,77,88,99,99,140,76,83,81,95,97,101,77,11,11,41,72,3.929,4.4,0.507,0.648,29.77,-0.185,11,22,22,77,C_import_driven,actionable_window,v31_1_cross_pathogen_extension_v1_final_20260624,70,79,99,9,-7,-9,True,374.77,374.77,5.9289884851468795,high,medium,high,2025-11-17,2025-11-28,2025-12-09,2026-01-19,influenza,Influenza 2025-2026 City Direct Municipality
江苏省_苏州市,江苏省_苏州市,7,31.71,8.79,0,63.0,65,68,99,99,142,64,71,61,73,97,100,65,3,31,43,70,1.071,1.2,0.454,0.912,12.87,0.888,3,34,34,65,C_import_driven,narrow_window,v31_1_cross_pathogen_extension_v1_final_20260624,68,75,99,7,3,7,True,810.0,810.0,6.698267865027212,medium,high,medium,2025-11-05,2025-11-08,2025-12-09,2026-01-21,influenza,Influenza 2025-2026 City Direct Municipality
江苏省_南通市,江苏省_南通市,7,3.57,2.06,28,1.0,60,63,97,97,138,57,66,56,67,94,99,60,3,34,41,74,1.071,1.2,0.486,0.88,8.07,0.865,3,37,37,32,D_unclassified,narrow_window,v31_1_cross_pathogen_extension_v1_final_20260624,25,68,96,43,-35,5,True,723.88,723.88,6.586007019901412,high,high,high,2025-10-31,2025-11-03,2025-12-07,2026-01-17,influenza,Influenza 2025-2026 City Direct Municipality
江苏省_连云港市,江苏省_连云港市,7,2.0,1.41,29,0.0,63,64,93,93,115,57,69,57,70,91,95,63,1,29,22,97,0.357,0.4,0.415,0.784,32.1,0.246,1,30,30,34,D_unclassified,too_short_for_action,v31_1_cross_pathogen_extension_v1_final_20260624,65,74,92,9,2,10,True,691.35,691.35,6.540088206553419,medium,high,medium,2025-11-03,2025-11-04,2025-12-03,2025-12-25,influenza,Influenza 2025-2026 City Direct Municipality
江苏省_淮安市,江苏省_淮安市,7,9.71,4.13,0,46.0,54,76,98,98,130,50,56,69,83,97,100,54,22,22,32,82,7.857,8.8,0.521,0.875,3.03,-0.036,22,44,44,54,C_import_driven,actionable_window,v31_1_cross_pathogen_extension_v1_final_20260624,22,84,99,62,-32,8,True,234.34,234.34,5.4610510209334775,high,medium,high,2025-10-25,2025-11-16,2025-12-08,2026-01-09,influenza,Influenza 2025-2026 City Direct Municipality
江苏省_盐城市,江苏省_盐城市,7,4.57,3.46,0,64.0,70,85,101,101,128,64,76,78,92,99,102,70,15,16,27,84,5.357,6.0,0.444,0.576,3.71,-0.295,15,31,31,70,C_import_driven,actionable_window,v31_1_cross_pathogen_extension_v1_final_20260624,72,90,100,18,2,5,True,372.91,372.91,5.92400455167484,medium,medium,medium,2025-11-10,2025-11-25,2025-12-11,2026-01-07,influenza,Influenza 2025-2026 City Direct Municipality
江苏省_扬州市,江苏省_扬州市,7,6.29,2.96,0,67.0,67,70,106,106,140,62,71,63,71,104,108,67,3,36,34,72,1.071,1.2,0.616,0.912,5.33,0.376,3,39,39,67,C_import_driven,narrow_window,v31_1_cross_pathogen_extension_v1_final_20260624,17,79,106,62,-50,9,True,185.23,185.23,5.226962723548123,high,high,high,2025-11-07,2025-11-10,2025-12-16,2026-01-19,influenza,Influenza 2025-2026 City Direct Municipality
江苏省_镇江市,江苏省_镇江市,7,3.57,2.06,0,0.0,76,87,98,98,143,75,82,80,94,96,100,76,11,11,45,69,3.929,4.4,0.841,0.492,29.09,-0.38,11,22,22,76,C_import_driven,actionable_window,v31_1_cross_pathogen_extension_v1_final_20260624,59,80,98,21,-17,-7,True,220.15,220.15,5.398860137959961,high,medium,high,2025-11-16,2025-11-27,2025-12-08,2026-01-22,influenza,Influenza 2025-2026 City Direct Municipality
江苏省_泰州市,江苏省_泰州市,7,4.57,3.37,0,61.0,72,75,101,101,137,66,78,68,78,99,102,72,3,26,36,75,1.071,1.2,0.625,0.756,3.11,0.236,3,29,29,72,C_import_driven,narrow_window,v31_1_cross_pathogen_extension_v1_final_20260624,24,83,100,59,-48,8,True,288.63,288.63,5.66861732260217,high,high,high,2025-11-12,2025-11-15,2025-12-11,2026-01-16,influenza,Influenza 2025-2026 City Direct Municipality
江苏省_宿迁市,江苏省_宿迁市,30,2.17,1.69,33,0.0,68,69,94,94,118,63,74,62,72,92,96,68,1,25,24,94,0.357,0.4,0.452,0.748,50.75,0.211,1,26,26,35,D_unclassified,too_short_for_action,v31_1_cross_pathogen_extension_v1_final_20260624,69,78,94,9,1,9,True,1190.81,1000.0,7.083225758077108,medium,high,medium,2025-11-08,2025-11-09,2025-12-04,2025-12-28,influenza,Influenza 2025-2026 City Direct Municipality
浙江省_杭州市,浙江省_杭州市,7,21.57,4.64,19,0.0,65,68,95,95,131,64,71,61,71,93,97,65,3,27,36,81,1.071,1.2,0.516,0.83,143.18,0.84,3,30,30,46,D_unclassified,narrow_window,v31_1_cross_pathogen_extension_v1_final_20260624,63,75,95,12,-2,7,True,2720.03,1000.0,7.908764252887132,high,high,high,2025-11-05,2025-11-08,2025-12-05,2026-01-10,influenza,Influenza 2025-2026 City Direct Municipality
浙江省_宁波市,浙江省_宁波市,7,14.14,5.14,21,0.0,70,73,97,97,141,67,76,66,74,95,98,70,3,24,44,71,1.071,1.2,0.613,0.813,47.7,0.508,3,27,27,49,D_unclassified,narrow_window,v31_1_cross_pathogen_extension_v1_final_20260624,67,82,97,15,-3,9,True,1353.2,1000.0,7.210969789177917,high,high,high,2025-11-10,2025-11-13,2025-12-07,2026-01-20,influenza,Influenza 2025-2026 City Direct Municipality
浙江省_温州市,浙江省_温州市,7,25.43,6.46,0,0.0,71,84,97,97,129,70,77,77,91,95,99,71,13,13,32,83,4.643,5.2,0.72,0.504,95.23,-0.404,13,26,26,71,C_import_driven,actionable_window,v31_1_cross_pathogen_extension_v1_final_20260624,26,77,97,51,-45,-7,True,466.51,466.51,6.147410295895027,high,medium,high,2025-11-11,2025-11-24,2025-12-07,2026-01-08,influenza,Influenza 2025-2026 City Direct Municipality
浙江省_嘉兴市,浙江省_嘉兴市,7,4.29,2.19,27,58.0,28,49,97,97,144,27,34,47,56,95,99,28,21,48,47,68,7.5,8.4,0.874,0.82,2.72,0.2,21,69,69,1,D_unclassified,actionable_window,v31_1_cross_pathogen_extension_v1_final_20260624,40,79,97,39,12,30,True,1310.92,1000.0,7.179245046394614,high,high,high,2025-09-29,2025-10-20,2025-12-07,2026-01-23,influenza,Influenza 2025-2026 City Direct Municipality
浙江省_湖州市,浙江省_湖州市,20,1.7,1.65,24,30.0,64,67,100,100,146,58,70,60,74,97,102,64,3,33,46,66,1.071,1.2,0.473,0.869,30.99,0.991,3,36,36,40,D_unclassified,narrow_window,v31_1_cross_pathogen_extension_v1_final_20260624,35,71,99,36,-29,4,True,935.6,935.6,6.842252879235876,high,high,high,2025-11-04,2025-11-07,2025-12-10,2026-01-25,influenza,Influenza 2025-2026 City Direct Municipality
浙江省_绍兴市,浙江省_绍兴市,17,2.06,1.43,24,25.0,69,72,97,97,128,67,75,65,74,96,99,69,3,25,31,84,1.071,1.2,0.504,0.779,133.33,0.731,3,28,28,45,D_unclassified,narrow_window,v31_1_cross_pathogen_extension_v1_final_20260624,67,72,97,5,-2,0,True,3274.36,1000.0,8.094183473575944,high,high,high,2025-11-09,2025-11-12,2025-12-07,2026-01-07,influenza,Influenza 2025-2026 City Direct Municipality
浙江省_金华市,浙江省_金华市,7,6.43,2.56,42,4.0,60,63,99,99,184,58,66,56,70,96,101,60,3,36,85,28,1.071,1.2,0.463,0.799,15.35,0.995,3,39,39,18,D_unclassified,narrow_window,v31_1_cross_pathogen_extension_v1_final_20260624,50,75,99,25,-10,12,True,1195.02,1000.0,7.086751408471245,high,high,high,2025-10-31,2025-11-03,2025-12-09,2026-03-04,influenza,Influenza 2025-2026 City Direct Municipality
浙江省_衢州市,浙江省_衢州市,7,4.14,2.04,41,54.0,73,76,98,98,126,72,79,69,77,96,99,73,3,22,28,86,1.071,1.2,0.575,0.689,10.83,0.315,3,25,25,32,D_unclassified,narrow_window,v31_1_cross_pathogen_extension_v1_final_20260624,68,71,98,3,-5,-5,True,1050.44,1000.0,6.957914437587681,high,high,high,2025-11-13,2025-11-16,2025-12-08,2026-01-05,influenza,Influenza 2025-2026 City Direct Municipality
浙江省_舟山市,浙江省_舟山市,7,30.71,6.63,0,0.0,77,80,96,96,140,75,83,73,82,94,97,77,3,16,44,72,1.071,1.2,0.689,0.598,3.24,0.007,3,19,19,77,C_import_driven,narrow_window,v31_1_cross_pathogen_extension_v1_final_20260624,63,74,96,11,-14,-6,True,76.32,76.32,4.347905292390776,high,high,high,2025-11-17,2025-11-20,2025-12-06,2026-01-19,influenza,Influenza 2025-2026 City Direct Municipality
浙江省_台州市,浙江省_台州市,7,17.86,6.49,0,0.0,66,69,97,97,126,64,72,62,73,96,99,66,3,28,29,86,1.071,1.2,0.59,0.911,8.4,0.861,3,31,31,66,C_import_driven,narrow_window,v31_1_cross_pathogen_extension_v1_final_20260624,69,75,97,6,3,6,True,721.33,721.33,6.582478594883213,high,high,high,2025-11-06,2025-11-09,2025-12-07,2026-01-05,influenza,Influenza 2025-2026 City Direct Municipality
浙江省_丽水市,浙江省_丽水市,7,3.86,2.59,1,47.0,70,73,99,99,181,66,76,66,80,97,102,70,3,26,82,31,1.071,1.2,0.495,0.853,19.2,0.958,3,29,29,69,C_import_driven,narrow_window,v31_1_cross_pathogen_extension_v1_final_20260624,42,70,99,28,-28,-3,True,379.37,379.37,5.941141769008117,high,high,high,2025-11-10,2025-11-13,2025-12-09,2026-03-01,influenza,Influenza 2025-2026 City Direct Municipality
安徽省_合肥市,安徽省_合肥市,7,8.86,3.8,0,49.0,54,57,92,92,123,50,56,50,60,89,93,54,3,35,31,89,1.071,1.2,0.491,0.813,2.97,0.462,3,38,38,54,C_import_driven,narrow_window,v31_1_cross_pathogen_extension_v1_final_20260624,19,73,91,54,-35,16,True,393.79,393.79,5.978353649796925,high,high,high,2025-10-25,2025-10-28,2025-12-02,2026-01-02,influenza,Influenza 2025-2026 City Direct Municipality
安徽省_芜湖市,安徽省_芜湖市,7,30.71,9.15,0,73.0,77,88,99,99,140,71,80,81,95,97,100,77,11,11,41,72,3.929,4.4,0.695,0.686,3.0,-0.107,11,22,22,77,C_import_driven,actionable_window,v31_1_cross_pathogen_extension_v1_final_20260624,20,81,99,61,-57,-7,True,97.25,97.25,4.5874954224638,high,medium,high,2025-11-17,2025-11-28,2025-12-09,2026-01-19,influenza,Influenza 2025-2026 City Direct Municipality
安徽省_蚌埠市,安徽省_蚌埠市,7,4.86,2.2,0,2.0,60,64,96,96,145,59,66,57,66,94,99,60,4,32,49,67,1.429,1.6,0.505,0.894,6.9,0.23,4,36,36,60,C_import_driven,narrow_window,v31_1_cross_pathogen_extension_v1_final_20260624,65,68,97,3,5,4,True,142.77,142.77,4.96821219452636,high,high,high,2025-10-31,2025-11-04,2025-12-06,2026-01-24,influenza,Influenza 2025-2026 City Direct Municipality
安徽省_淮南市,安徽省_淮南市,7,4.29,2.96,0,51.0,65,68,94,94,152,62,71,61,75,91,96,65,3,26,58,60,1.071,1.2,0.529,0.838,8.5,0.964,3,29,29,65,C_import_driven,narrow_window,v31_1_cross_pathogen_extension_v1_final_20260624,48,63,94,15,-17,-5,True,320.39,320.39,5.7726487060858505,high,high,high,2025-11-05,2025-11-08,2025-12-04,2026-01-31,influenza,Influenza 2025-2026 City Direct Municipality
安徽省_马鞍山市,安徽省_马鞍山市,7,4.43,2.13,0,0.0,73,76,99,99,125,67,79,69,77,98,100,73,3,23,26,87,1.071,1.2,0.424,0.847,5.99,0.507,3,26,26,73,C_import_driven,narrow_window,v31_1_cross_pathogen_extension_v1_final_20260624,76,82,99,6,3,6,True,314.21,314.21,5.753223483162337,medium,high,medium,2025-11-13,2025-11-16,2025-12-09,2026-01-04,influenza,Influenza 2025-2026 City Direct Municipality
安徽省_淮北市,安徽省_淮北市,30,1.17,1.08,0,0.0,53,56,90,90,113,51,59,49,63,88,91,53,3,34,23,99,1.071,1.2,0.526,0.783,2.54,0.631,3,37,37,53,C_import_driven,narrow_window,v31_1_cross_pathogen_extension_v1_final_20260624,49,67,90,18,-4,11,True,180.69,180.69,5.202290049301529,high,high,high,2025-10-24,2025-10-27,2025-11-30,2025-12-23,influenza,Influenza 2025-2026 City Direct Municipality
安徽省_铜陵市,安徽省_铜陵市,30,1.47,1.21,0,0.0,83,95,108,108,140,80,89,92,102,106,110,83,12,13,32,72,4.286,4.8,0.816,0.568,2.72,-0.25,12,25,25,83,C_import_driven,actionable_window,v31_1_cross_pathogen_extension_v1_final_20260624,65,93,108,28,-18,-2,True,181.28,181.28,5.205523210545347,high,medium,high,2025-11-23,2025-12-05,2025-12-18,2026-01-19,influenza,Influenza 2025-2026 City Direct Municipality
安徽省_安庆市,安徽省_安庆市,30,1.83,1.49,6,0.0,66,67,100,100,138,65,72,60,68,97,101,66,1,33,38,74,0.357,0.4,0.687,0.793,4.4,0.128,1,34,34,60,D_unclassified,too_short_for_action,v31_1_cross_pathogen_extension_v1_final_20260624,67,85,99,18,1,18,True,414.78,414.78,6.030163915394389,high,high,high,2025-11-06,2025-11-07,2025-12-10,2026-01-17,influenza,Influenza 2025-2026 City Direct Municipality
安徽省_黄山市,安徽省_黄山市,7,2.71,1.65,11,0.0,63,66,92,92,110,62,69,59,68,90,93,63,3,26,18,102,1.071,1.2,0.709,0.695,17.27,0.045,3,29,29,52,D_unclassified,narrow_window,v31_1_cross_pathogen_extension_v1_final_20260624,58,65,91,7,-5,-1,True,825.07,825.07,6.716676387569285,high,high,high,2025-11-03,2025-11-06,2025-12-02,2025-12-20,influenza,Influenza 2025-2026 City Direct Municipality
安徽省_滁州市,安徽省_滁州市,7,5.86,2.64,0,50.0,57,60,97,97,159,51,63,53,67,94,99,57,3,37,62,53,1.071,1.2,0.413,0.878,3.33,0.994,3,40,40,57,C_import_driven,narrow_window,v31_1_cross_pathogen_extension_v1_final_20260624,54,65,97,11,-3,5,True,208.25,208.25,5.343518055277419,medium,high,medium,2025-10-28,2025-10-31,2025-12-07,2026-02-07,influenza,Influenza 2025-2026 City Direct Municipality
安徽省_阜阳市,安徽省_阜阳市,7,35.0,8.42,0,0.0,56,71,87,87,113,52,62,64,76,85,88,56,15,16,26,99,5.357,6.0,0.449,0.829,10.29,-0.037,15,31,31,56,C_import_driven,actionable_window,v31_1_cross_pathogen_extension_v1_final_20260624,22,60,87,38,-34,-11,True,160.28,160.28,5.083170947700631,medium,medium,medium,2025-10-27,2025-11-11,2025-11-27,2025-12-23,influenza,Influenza 2025-2026 City Direct Municipality
安徽省_宿州市,安徽省_宿州市,7,6.71,2.59,0,59.0,61,64,99,99,124,58,67,57,71,98,101,61,3,35,25,88,1.071,1.2,0.679,0.793,2.96,0.207,3,38,38,61,C_import_driven,narrow_window,v31_1_cross_pathogen_extension_v1_final_20260624,20,79,99,59,-41,15,True,103.89,103.89,4.652872274035282,high,high,high,2025-11-01,2025-11-04,2025-12-09,2026-01-03,influenza,Influenza 2025-2026 City Direct Municipality
安徽省_六安市,安徽省_六安市,7,11.43,5.15,0,72.0,74,77,99,99,126,68,80,70,84,97,100,74,3,22,27,86,1.071,1.2,0.421,0.746,2.57,0.536,3,25,25,74,C_import_driven,narrow_window,v31_1_cross_pathogen_extension_v1_final_20260624,76,81,99,5,2,4,True,119.5,119.5,4.791679368756324,medium,high,medium,2025-11-14,2025-11-17,2025-12-09,2026-01-05,influenza,Influenza 2025-2026 City Direct Municipality
安徽省_亳州市,安徽省_亳州市,7,6.86,3.09,0,44.0,78,83,89,89,115,74,83,76,90,87,91,78,5,6,26,97,1.786,2.0,0.576,0.689,104.19,-0.232,5,11,11,78,C_import_driven,narrow_window,v31_1_cross_pathogen_extension_v1_final_20260624,20,66,89,46,-58,-17,True,165.49,165.49,5.114945780890844,high,medium,high,2025-11-18,2025-11-23,2025-11-29,2025-12-25,influenza,Influenza 2025-2026 City Direct Municipality
安徽省_池州市,安徽省_池州市,7,6.57,2.72,0,0.0,65,68,97,97,125,62,71,61,70,95,99,65,3,29,28,87,1.071,1.2,0.617,0.801,5.63,0.497,3,32,32,65,C_import_driven,narrow_window,v31_1_cross_pathogen_extension_v1_final_20260624,19,72,97,53,-46,4,True,115.47,115.47,4.757672009680145,high,high,high,2025-11-05,2025-11-08,2025-12-07,2026-01-04,influenza,Influenza 2025-2026 City Direct Municipality
安徽省_宣城市,安徽省_宣城市,7,3.86,1.96,0,0.0,69,72,100,100,130,69,75,65,73,99,101,69,3,28,30,82,1.071,1.2,0.538,0.904,39.89,0.4,3,31,31,69,C_import_driven,narrow_window,v31_1_cross_pathogen_extension_v1_final_20260624,70,81,100,11,1,9,True,322.44,322.44,5.7790203002067,high,high,high,2025-11-09,2025-11-12,2025-12-10,2026-01-09,influenza,Influenza 2025-2026 City Direct Municipality
福建省_福州市,福建省_福州市,7,6.0,2.45,0,0.0,51,54,88,88,117,49,56,47,55,86,90,51,3,34,29,95,1.071,1.2,0.625,0.861,13.84,0.282,3,37,37,51,C_import_driven,narrow_window,v31_1_cross_pathogen_extension_v1_final_20260624,20,68,88,48,-31,14,True,202.63,202.63,5.316313896688425,high,high,high,2025-10-22,2025-10-25,2025-11-28,2025-12-27,influenza,Influenza 2025-2026 City Direct Municipality
福建省_厦门市,福建省_厦门市,7,39.71,6.96,0,0.0,16,53,90,90,117,10,22,46,60,88,92,16,37,37,27,95,13.214,14.8,0.795,0.754,3.58,0.088,37,74,74,16,C_import_driven,actionable_window,v31_1_cross_pathogen_extension_v1_final_20260624,51,79,90,28,35,26,True,176.23,176.23,5.1774345697092246,high,high,high,2025-09-17,2025-10-24,2025-11-30,2025-12-27,influenza,Influenza 2025-2026 City Direct Municipality
福建省_莆田市,福建省_莆田市,7,5.14,2.64,0,59.0,61,64,91,91,116,60,67,57,66,89,93,61,3,27,25,96,1.071,1.2,0.53,0.783,3.05,0.447,3,30,30,61,C_import_driven,narrow_window,v31_1_cross_pathogen_extension_v1_final_20260624,18,67,91,49,-43,3,True,96.65,96.65,4.581383092965054,high,high,high,2025-11-01,2025-11-04,2025-12-01,2025-12-26,influenza,Influenza 2025-2026 City Direct Municipality
福建省_三明市,福建省_三明市,23,2.0,1.47,0,64.0,81,82,110,110,142,80,87,75,83,109,112,81,1,28,32,70,0.357,0.4,0.677,0.669,13.94,0.126,1,29,29,81,C_import_driven,too_short_for_action,v31_1_cross_pathogen_extension_v1_final_20260624,70,81,111,11,-11,-1,True,176.16,176.16,5.17703535302918,high,high,high,2025-11-21,2025-11-22,2025-12-20,2026-01-21,influenza,Influenza 2025-2026 City Direct Municipality
福建省_泉州市,福建省_泉州市,7,22.29,4.72,0,0.0,21,55,89,89,113,15,25,48,62,87,91,21,34,34,24,99,12.143,13.6,0.783,0.911,3.15,0.09,34,68,68,21,C_import_driven,actionable_window,v31_1_cross_pathogen_extension_v1_final_20260624,61,72,89,11,40,17,True,151.27,151.27,5.025652506874634,high,high,high,2025-09-22,2025-10-26,2025-11-29,2025-12-23,influenza,Influenza 2025-2026 City Direct Municipality
福建省_漳州市,福建省_漳州市,7,22.43,5.29,0,0.0,22,54,87,87,116,19,23,47,61,85,90,22,32,33,29,96,11.429,12.8,0.869,0.804,3.46,0.054,32,65,65,22,C_import_driven,actionable_window,v31_1_cross_pathogen_extension_v1_final_20260624,18,67,86,49,-4,13,True,43.89,43.89,3.804167758931944,high,high,high,2025-09-23,2025-10-25,2025-11-27,2025-12-26,influenza,Influenza 2025-2026 City Direct Municipality
福建省_南平市,福建省_南平市,7,1.86,1.46,0,0.0,76,88,101,101,164,71,80,84,95,98,103,76,12,13,63,48,4.286,4.8,0.775,0.558,2.57,-0.214,12,25,25,76,C_import_driven,actionable_window,v31_1_cross_pathogen_extension_v1_final_20260624,16,91,100,75,-60,3,True,30.54,30.54,3.451292795795743,high,medium,high,2025-11-16,2025-11-28,2025-12-11,2026-02-12,influenza,Influenza 2025-2026 City Direct Municipality
福建省_龙岩市,福建省_龙岩市,30,1.57,1.76,0,28.0,74,81,89,89,115,72,80,74,86,86,93,74,7,8,26,97,2.5,2.8,0.521,0.591,43.26,-0.123,7,15,15,74,C_import_driven,actionable_window,v31_1_cross_pathogen_extension_v1_final_20260624,57,72,89,15,-17,-9,True,99.2,99.2,4.607183951632956,high,medium,high,2025-11-14,2025-11-21,2025-11-29,2025-12-25,influenza,Influenza 2025-2026 City Direct Municipality
福建省_宁德市,福建省_宁德市,7,5.29,3.41,0,67.0,77,80,98,98,147,76,83,73,82,95,100,77,3,18,49,65,1.071,1.2,0.613,0.652,10.39,0.201,3,21,21,77,C_import_driven,narrow_window,v31_1_cross_pathogen_extension_v1_final_20260624,69,72,98,3,-8,-8,True,58.48,58.48,4.085593613402903,high,high,high,2025-11-17,2025-11-20,2025-12-08,2026-01-26,influenza,Influenza 2025-2026 City Direct Municipality
江西省_南昌市,江西省_南昌市,7,7.71,3.57,22,57.0,68,71,97,97,140,65,70,64,73,95,99,68,3,26,43,72,1.071,1.2,0.691,0.765,13.82,0.412,3,29,29,46,D_unclassified,narrow_window,v31_1_cross_pathogen_extension_v1_final_20260624,66,79,97,13,-2,8,True,570.37,570.37,6.348029049470773,high,high,high,2025-11-08,2025-11-11,2025-12-07,2026-01-19,influenza,Influenza 2025-2026 City Direct Municipality
江西省_景德镇市,江西省_景德镇市,30,0.67,0.83,0,0.0,69,72,96,96,141,66,75,65,74,94,97,69,3,24,45,71,1.071,1.2,0.61,0.817,2.69,0.711,3,27,27,69,C_import_driven,narrow_window,v31_1_cross_pathogen_extension_v1_final_20260624,68,79,96,11,-1,7,True,212.63,212.63,5.364238058082445,high,high,high,2025-11-09,2025-11-12,2025-12-06,2026-01-20,influenza,Influenza 2025-2026 City Direct Municipality
江西省_萍乡市,江西省_萍乡市,25,1.16,1.08,26,0.0,28,62,96,96,119,26,31,55,64,94,97,28,34,34,23,93,12.143,13.6,0.706,0.896,3.1,0.221,34,68,68,2,D_unclassified,actionable_window,v31_1_cross_pathogen_extension_v1_final_20260624,67,70,95,3,39,8,True,587.05,587.05,6.376815640438381,high,high,high,2025-09-29,2025-11-02,2025-12-06,2025-12-29,influenza,Influenza 2025-2026 City Direct Municipality
江西省_九江市,江西省_九江市,16,2.19,1.91,0,3.0,62,65,96,96,140,61,68,58,67,93,98,62,3,31,44,72,1.071,1.2,0.564,0.864,5.65,0.394,3,34,34,62,C_import_driven,narrow_window,v31_1_cross_pathogen_extension_v1_final_20260624,60,71,96,11,-2,6,True,279.69,279.69,5.637257739956289,high,high,high,2025-11-02,2025-11-05,2025-12-06,2026-01-19,influenza,Influenza 2025-2026 City Direct Municipality
江西省_新余市,江西省_新余市,30,0.37,0.75,0,6.0,64,67,93,93,121,58,70,60,70,91,94,64,3,26,28,91,1.071,1.2,0.569,0.82,4.64,0.847,3,29,29,64,C_import_driven,narrow_window,v31_1_cross_pathogen_extension_v1_final_20260624,44,70,92,26,-20,3,True,209.58,209.58,5.3498461658084535,high,high,high,2025-11-04,2025-11-07,2025-12-03,2025-12-31,influenza,Influenza 2025-2026 City Direct Municipality
江西省_鹰潭市,江西省_鹰潭市,30,1.23,1.23,0,60.0,71,74,98,98,138,65,75,67,76,97,100,71,3,24,40,74,1.071,1.2,0.536,0.85,4.42,0.681,3,27,27,71,C_import_driven,narrow_window,v31_1_cross_pathogen_extension_v1_final_20260624,74,77,98,3,3,3,True,146.05,146.05,4.990797363942341,high,high,high,2025-11-11,2025-11-14,2025-12-08,2026-01-17,influenza,Influenza 2025-2026 City Direct Municipality
江西省_赣州市,江西省_赣州市,7,13.43,5.34,0,64.0,67,70,101,101,138,64,73,63,75,98,103,67,3,31,37,74,1.071,1.2,0.5,0.84,3.13,0.97,3,34,34,67,C_import_driven,narrow_window,v31_1_cross_pathogen_extension_v1_final_20260624,37,69,100,32,-30,-1,True,267.13,267.13,5.59145790788923,high,high,high,2025-11-07,2025-11-10,2025-12-11,2026-01-17,influenza,Influenza 2025-2026 City Direct Municipality
江西省_吉安市,江西省_吉安市,7,3.29,2.76,0,0.0,61,64,99,99,133,55,67,57,71,97,100,61,3,35,34,79,1.071,1.2,0.433,0.873,3.88,0.739,3,38,38,61,C_import_driven,narrow_window,v31_1_cross_pathogen_extension_v1_final_20260624,64,77,99,13,3,13,True,206.89,206.89,5.3370109726863975,medium,high,medium,2025-11-01,2025-11-04,2025-12-09,2026-01-12,influenza,Influenza 2025-2026 City Direct Municipality
江西省_宜春市,江西省_宜春市,30,2.17,1.61,26,62.0,66,69,100,100,129,63,72,62,75,98,102,66,3,31,29,83,1.071,1.2,0.556,0.878,2.57,0.83,3,34,34,40,D_unclassified,narrow_window,v31_1_cross_pathogen_extension_v1_final_20260624,67,79,100,12,1,10,True,432.63,432.63,6.072193352925035,high,high,high,2025-11-06,2025-11-09,2025-12-10,2026-01-08,influenza,Influenza 2025-2026 City Direct Municipality
江西省_抚州市,江西省_抚州市,7,1.86,1.96,0,0.0,69,72,109,109,142,69,75,66,74,108,112,69,3,37,33,70,1.071,1.2,0.491,0.917,2.78,0.583,3,40,40,69,C_import_driven,narrow_window,v31_1_cross_pathogen_extension_v1_final_20260624,24,93,110,69,-45,21,True,179.55,179.55,5.196022456074649,high,high,high,2025-11-09,2025-11-12,2025-12-19,2026-01-21,influenza,Influenza 2025-2026 City Direct Municipality
江西省_上饶市,江西省_上饶市,7,6.0,4.11,0,70.0,79,82,102,102,138,78,85,75,83,98,103,79,3,20,36,74,1.071,1.2,0.567,0.756,8.58,0.381,3,23,23,79,C_import_driven,narrow_window,v31_1_cross_pathogen_extension_v1_final_20260624,18,79,100,61,-61,-3,True,210.56,210.56,5.354511891794581,high,high,high,2025-11-19,2025-11-22,2025-12-12,2026-01-17,influenza,Influenza 2025-2026 City Direct Municipality
山东省_济南市,山东省_济南市,7,9.57,4.03,0,41.0,47,67,87,87,109,41,53,60,74,85,88,47,20,20,22,103,7.143,8.0,0.623,0.768,3.2,-0.069,20,40,40,47,C_import_driven,actionable_window,v31_1_cross_pathogen_extension_v1_final_20260624,22,61,87,39,-25,-6,True,419.17,419.17,6.04066576735014,high,medium,high,2025-10-18,2025-11-07,2025-11-27,2025-12-19,influenza,Influenza 2025-2026 City Direct Municipality
山东省_青岛市,山东省_青岛市,7,9.86,4.32,0,0.0,63,80,97,97,127,62,69,74,87,96,99,63,17,17,30,85,6.071,6.8,0.638,0.56,7.21,-0.247,17,34,34,63,C_import_driven,actionable_window,v31_1_cross_pathogen_extension_v1_final_20260624,66,86,98,20,3,6,True,235.55,235.55,5.466178721937982,high,medium,high,2025-11-03,2025-11-20,2025-12-07,2026-01-06,influenza,Influenza 2025-2026 City Direct Municipality
山东省_淄博市,山东省_淄博市,25,2.44,1.56,32,4.0,70,78,86,86,108,69,76,71,85,84,87,70,8,8,22,104,2.857,3.2,0.77,0.481,155.24,-0.406,8,16,16,38,D_unclassified,actionable_window,v31_1_cross_pathogen_extension_v1_final_20260624,59,62,86,3,-11,-16,True,812.08,812.08,6.700831633904436,high,medium,high,2025-11-10,2025-11-18,2025-11-26,2025-12-18,influenza,Influenza 2025-2026 City Direct Municipality
山东省_枣庄市,山东省_枣庄市,30,1.1,1.05,0,54.0,62,65,94,94,123,58,68,58,68,91,95,62,3,29,29,89,1.071,1.2,0.634,0.707,2.9,0.382,3,32,32,62,C_import_driven,narrow_window,v31_1_cross_pathogen_extension_v1_final_20260624,55,74,93,19,-7,9,True,139.23,139.23,4.943276052655452,high,high,high,2025-11-02,2025-11-05,2025-12-04,2026-01-02,influenza,Influenza 2025-2026 City Direct Municipality
山东省_东营市,山东省_东营市,7,7.57,3.11,0,55.0,64,67,89,89,111,62,70,60,69,86,90,64,3,22,22,101,1.071,1.2,0.666,0.609,3.72,0.052,3,25,25,64,C_import_driven,narrow_window,v31_1_cross_pathogen_extension_v1_final_20260624,58,62,89,4,-6,-5,True,186.06,186.06,5.231444480376138,high,high,high,2025-11-04,2025-11-07,2025-11-29,2025-12-21,influenza,Influenza 2025-2026 City Direct Municipality
山东省_烟台市,山东省_烟台市,30,2.27,1.69,0,43.0,50,53,90,90,152,44,56,46,60,87,93,50,3,37,62,60,1.071,1.2,0.537,0.842,2.75,0.948,3,40,40,50,C_import_driven,narrow_window,v31_1_cross_pathogen_extension_v1_final_20260624,34,55,90,21,-16,2,True,370.47,370.47,5.917464029514284,high,high,high,2025-10-21,2025-10-24,2025-11-30,2026-01-31,influenza,Influenza 2025-2026 City Direct Municipality
山东省_潍坊市,山东省_潍坊市,7,6.43,3.99,0,49.0,56,71,86,86,108,51,62,64,78,84,87,56,15,15,22,104,5.357,6.0,0.445,0.802,4.7,-0.072,15,30,30,56,C_import_driven,actionable_window,v31_1_cross_pathogen_extension_v1_final_20260624,57,72,86,15,1,1,True,294.31,294.31,5.688037267832488,medium,medium,medium,2025-10-27,2025-11-11,2025-11-26,2025-12-18,influenza,Influenza 2025-2026 City Direct Municipality
山东省_济宁市,山东省_济宁市,7,5.0,2.56,0,53.0,60,75,91,91,112,58,66,68,82,89,92,60,15,16,21,100,5.357,6.0,0.695,0.674,6.31,-0.126,15,31,31,60,C_import_driven,actionable_window,v31_1_cross_pathogen_extension_v1_final_20260624,18,75,90,57,-42,0,True,544.11,544.11,6.300989364424501,high,medium,high,2025-10-31,2025-11-15,2025-12-01,2025-12-22,influenza,Influenza 2025-2026 City Direct Municipality
山东省_泰安市,山东省_泰安市,7,4.29,2.71,0,1.0,69,72,93,93,161,63,71,65,74,91,94,69,3,21,68,51,1.071,1.2,0.623,0.731,3.21,0.41,3,24,24,69,C_import_driven,narrow_window,v31_1_cross_pathogen_extension_v1_final_20260624,66,70,92,4,-3,-2,True,186.96,186.96,5.236222581625292,high,high,high,2025-11-09,2025-11-12,2025-12-03,2026-02-09,influenza,Influenza 2025-2026 City Direct Municipality
山东省_威海市,山东省_威海市,7,2.57,1.6,9,48.0,67,70,95,95,163,66,73,63,71,93,97,67,3,25,68,49,1.071,1.2,0.587,0.706,10.45,0.244,3,28,28,58,D_unclassified,narrow_window,v31_1_cross_pathogen_extension_v1_final_20260624,63,76,95,13,-4,6,True,471.38,471.38,6.157788528691505,high,high,high,2025-11-07,2025-11-10,2025-12-05,2026-02-11,influenza,Influenza 2025-2026 City Direct Municipality
山东省_日照市,山东省_日照市,30,1.17,1.32,0,47.0,75,85,96,96,124,74,81,78,92,93,99,75,10,11,28,88,3.571,4.0,0.834,0.597,42.35,-0.24,10,21,21,75,C_import_driven,actionable_window,v31_1_cross_pathogen_extension_v1_final_20260624,51,76,96,25,-24,-9,True,130.44,130.44,4.878530669926951,high,medium,high,2025-11-15,2025-11-25,2025-12-06,2026-01-03,influenza,Influenza 2025-2026 City Direct Municipality
山东省_临沂市,山东省_临沂市,7,8.86,4.09,0,1.0,64,67,91,91,114,63,70,60,68,89,92,64,3,24,23,98,1.071,1.2,0.525,0.866,5.6,0.733,3,27,27,64,C_import_driven,narrow_window,v31_1_cross_pathogen_extension_v1_final_20260624,23,64,90,41,-41,-3,True,492.64,492.64,6.201799573318707,high,high,high,2025-11-04,2025-11-07,2025-12-01,2025-12-24,influenza,Influenza 2025-2026 City Direct Municipality
山东省_德州市,山东省_德州市,7,6.29,2.51,0,45.0,49,52,90,90,141,46,55,45,59,87,92,49,3,38,51,71,1.071,1.2,0.641,0.726,3.28,0.464,3,41,41,49,C_import_driven,narrow_window,v31_1_cross_pathogen_extension_v1_final_20260624,21,55,89,34,-28,3,True,197.69,197.69,5.2917299383169425,high,high,high,2025-10-20,2025-10-23,2025-11-30,2026-01-20,influenza,Influenza 2025-2026 City Direct Municipality
山东省_聊城市,山东省_聊城市,14,2.0,1.65,0,0.0,66,69,90,90,110,65,72,62,70,89,91,66,3,21,20,102,1.071,1.2,0.592,0.853,11.86,0.504,3,24,24,66,C_import_driven,narrow_window,v31_1_cross_pathogen_extension_v1_final_20260624,19,67,90,48,-47,-2,True,498.52,498.52,6.213641908719371,high,high,high,2025-11-06,2025-11-09,2025-11-30,2025-12-20,influenza,Influenza 2025-2026 City Direct Municipality
山东省_滨州市,山东省_滨州市,30,1.53,1.24,20,0.0,55,58,88,88,109,49,61,51,65,85,89,55,3,30,21,103,1.071,1.2,0.496,0.805,9.12,0.527,3,33,33,35,D_unclassified,narrow_window,v31_1_cross_pathogen_extension_v1_final_20260624,57,74,87,17,2,16,True,536.46,536.46,6.286862847754299,high,high,high,2025-10-26,2025-10-29,2025-11-28,2025-12-19,influenza,Influenza 2025-2026 City Direct Municipality
山东省_菏泽市,山东省_菏泽市,7,5.57,2.36,0,4.0,59,75,91,91,114,58,65,68,82,89,93,59,16,16,23,98,5.714,6.4,0.519,0.681,7.18,-0.185,16,32,32,59,C_import_driven,actionable_window,v31_1_cross_pathogen_extension_v1_final_20260624,18,76,91,58,-41,1,True,203.0,203.0,5.3181413648553715,high,medium,high,2025-10-30,2025-11-15,2025-12-01,2025-12-24,influenza,Influenza 2025-2026 City Direct Municipality
河南省_郑州市,河南省_郑州市,7,12.29,4.16,27,0.0,53,69,85,85,108,47,59,62,76,83,87,53,16,16,23,104,5.714,6.4,0.507,0.743,74.98,-0.078,16,32,32,26,D_unclassified,actionable_window,v31_1_cross_pathogen_extension_v1_final_20260624,27,69,85,42,-26,0,True,1160.06,1000.0,7.057085274486565,high,medium,high,2025-10-24,2025-11-09,2025-11-25,2025-12-18,influenza,Influenza 2025-2026 City Direct Municipality
河南省_开封市,河南省_开封市,18,1.94,1.72,5,42.0,75,80,86,86,110,69,75,73,87,84,87,75,5,6,24,102,1.786,2.0,0.343,0.682,288.96,0.031,5,11,11,70,C_import_driven,narrow_window,v31_1_cross_pathogen_extension_v1_final_20260624,22,65,86,43,-53,-15,True,431.1,431.1,6.068656449541556,medium,high,medium,2025-11-15,2025-11-20,2025-11-26,2025-12-20,influenza,Influenza 2025-2026 City Direct Municipality
河南省_洛阳市,河南省_洛阳市,7,6.0,3.89,33,43.0,61,64,89,89,176,55,67,57,69,86,91,61,3,25,87,36,1.071,1.2,0.487,0.806,11.84,0.959,3,28,28,28,D_unclassified,narrow_window,v31_1_cross_pathogen_extension_v1_final_20260624,41,58,88,17,-20,-6,True,484.24,484.24,6.1846505173180955,high,high,high,2025-11-01,2025-11-04,2025-11-29,2026-02-24,influenza,Influenza 2025-2026 City Direct Municipality
河南省_平顶山市,河南省_平顶山市,7,5.43,3.89,0,44.0,50,53,82,82,130,49,56,46,54,80,86,50,3,29,48,82,1.071,1.2,0.591,0.695,2.6,0.214,3,32,32,50,C_import_driven,narrow_window,v31_1_cross_pathogen_extension_v1_final_20260624,49,52,83,3,-1,-1,True,127.11,127.11,4.852864860614533,high,high,high,2025-10-21,2025-10-24,2025-11-22,2026-01-09,influenza,Influenza 2025-2026 City Direct Municipality
河南省_安阳市,河南省_安阳市,7,2.86,1.69,0,0.0,21,38,86,86,107,15,27,34,45,84,87,21,17,48,21,105,6.071,6.8,0.651,0.846,3.86,0.229,17,65,65,21,C_import_driven,actionable_window,v31_1_cross_pathogen_extension_v1_final_20260624,24,66,86,42,3,28,True,244.51,244.51,5.503326571523437,high,high,high,2025-09-22,2025-10-09,2025-11-26,2025-12-17,influenza,Influenza 2025-2026 City Direct Municipality
河南省_鹤壁市,河南省_鹤壁市,30,0.5,1.09,12,0.0,64,67,88,88,106,58,70,60,68,86,89,64,3,21,18,106,1.071,1.2,0.628,0.804,2.75,0.507,3,24,24,52,D_unclassified,narrow_window,v31_1_cross_pathogen_extension_v1_final_20260624,63,69,87,6,-1,2,True,980.17,980.17,6.888747502868216,high,high,high,2025-11-04,2025-11-07,2025-11-28,2025-12-16,influenza,Influenza 2025-2026 City Direct Municipality
河南省_新乡市,河南省_新乡市,8,2.62,1.62,0,0.0,24,56,89,89,110,18,30,49,57,87,90,24,32,33,21,102,11.429,12.8,0.736,0.826,3.22,0.07,32,65,65,24,C_import_driven,actionable_window,v31_1_cross_pathogen_extension_v1_final_20260624,23,58,89,35,-1,2,True,628.1,628.1,6.44428786243669,high,high,high,2025-09-25,2025-10-27,2025-11-29,2025-12-20,influenza,Influenza 2025-2026 City Direct Municipality
河南省_焦作市,河南省_焦作市,7,10.14,5.99,0,45.0,54,57,88,88,111,48,60,50,64,86,89,54,3,31,23,101,1.071,1.2,0.595,0.696,2.8,0.264,3,34,34,54,C_import_driven,narrow_window,v31_1_cross_pathogen_extension_v1_final_20260624,22,69,87,47,-32,12,True,145.68,145.68,4.988260809660531,high,high,high,2025-10-25,2025-10-28,2025-11-28,2025-12-21,influenza,Influenza 2025-2026 City Direct Municipality
河南省_濮阳市,河南省_濮阳市,21,1.95,1.94,7,47.0,52,55,80,80,106,50,58,48,56,78,81,52,3,25,26,106,1.071,1.2,0.608,0.74,2.74,0.322,3,28,28,45,D_unclassified,narrow_window,v31_1_cross_pathogen_extension_v1_final_20260624,23,64,79,41,-29,9,True,348.79,348.79,5.857331525504786,high,high,high,2025-10-23,2025-10-26,2025-11-20,2025-12-16,influenza,Influenza 2025-2026 City Direct Municipality
河南省_许昌市,河南省_许昌市,7,5.29,4.27,0,41.0,56,59,88,88,173,54,62,52,66,86,90,56,3,29,85,39,1.071,1.2,0.492,0.817,2.66,0.972,3,32,32,56,C_import_driven,narrow_window,v31_1_cross_pathogen_extension_v1_final_20260624,49,63,88,14,-7,4,True,247.93,247.93,5.517187933747047,high,high,high,2025-10-27,2025-10-30,2025-11-28,2026-02-21,influenza,Influenza 2025-2026 City Direct Municipality
河南省_漯河市,河南省_漯河市,29,0.93,1.14,14,21.0,61,64,93,93,113,60,67,57,66,91,94,61,3,29,20,99,1.071,1.2,0.473,0.896,6.94,0.64,3,32,32,47,D_unclassified,narrow_window,v31_1_cross_pathogen_extension_v1_final_20260624,63,70,93,7,2,6,True,662.42,662.42,6.497405693211157,high,high,high,2025-11-01,2025-11-04,2025-12-03,2025-12-23,influenza,Influenza 2025-2026 City Direct Municipality
河南省_三门峡市,河南省_三门峡市,30,1.4,1.76,7,4.0,67,78,89,89,114,65,71,71,85,87,91,67,11,11,25,98,3.929,4.4,0.718,0.581,26.88,-0.088,11,22,22,60,D_unclassified,actionable_window,v31_1_cross_pathogen_extension_v1_final_20260624,57,62,89,5,-10,-16,True,345.71,345.71,5.848484179353811,high,medium,high,2025-11-07,2025-11-18,2025-11-29,2025-12-24,influenza,Influenza 2025-2026 City Direct Municipality
河南省_南阳市,河南省_南阳市,7,10.0,6.5,0,43.0,48,51,87,87,116,42,54,44,53,85,89,48,3,36,29,96,1.071,1.2,0.52,0.793,2.75,0.394,3,39,39,48,C_import_driven,narrow_window,v31_1_cross_pathogen_extension_v1_final_20260624,17,51,87,34,-31,0,True,169.53,169.53,5.13891937442399,high,high,high,2025-10-19,2025-10-22,2025-11-27,2025-12-26,influenza,Influenza 2025-2026 City Direct Municipality
河南省_商丘市,河南省_商丘市,7,17.57,8.52,0,4.0,64,65,82,82,115,58,67,58,68,79,85,64,1,17,33,97,0.357,0.4,0.52,0.799,16.83,0.274,1,18,18,64,C_import_driven,too_short_for_action,v31_1_cross_pathogen_extension_v1_final_20260624,46,59,83,13,-18,-6,True,67.44,67.44,4.225911849280898,high,high,high,2025-11-04,2025-11-05,2025-11-22,2025-12-25,influenza,Influenza 2025-2026 City Direct Municipality
河南省_信阳市,河南省_信阳市,7,6.29,3.57,0,43.0,69,72,103,103,132,63,73,65,77,101,105,69,3,31,29,80,1.071,1.2,0.43,0.886,19.49,0.641,3,34,34,69,C_import_driven,narrow_window,v31_1_cross_pathogen_extension_v1_final_20260624,22,80,103,58,-47,8,True,231.5,231.5,5.448910436443078,medium,high,medium,2025-11-09,2025-11-12,2025-12-13,2026-01-11,influenza,Influenza 2025-2026 City Direct Municipality
河南省_周口市,河南省_周口市,7,70.29,23.11,0,49.0,55,69,83,83,109,51,56,62,76,82,85,55,14,14,26,103,5.0,5.6,0.78,0.812,2.63,0.001,14,28,28,55,C_import_driven,actionable_window,v31_1_cross_pathogen_extension_v1_final_20260624,39,59,84,20,-16,-10,True,51.35,51.35,3.957933308702233,high,high,high,2025-10-26,2025-11-09,2025-11-23,2025-12-19,influenza,Influenza 2025-2026 City Direct Municipality
河南省_驻马店市,河南省_驻马店市,7,5.43,5.04,0,3.0,65,68,89,89,128,63,69,61,70,87,91,65,3,21,39,84,1.071,1.2,0.678,0.775,10.16,0.135,3,24,24,65,C_import_driven,narrow_window,v31_1_cross_pathogen_extension_v1_final_20260624,22,73,89,51,-43,5,True,192.02,192.02,5.262818105558975,high,high,high,2025-11-05,2025-11-08,2025-11-29,2026-01-07,influenza,Influenza 2025-2026 City Direct Municipality
河南省_济源市,河南省_济源市,30,0.13,0.71,34,37.0,50,53,83,83,108,45,56,46,58,80,84,50,3,30,25,104,1.071,1.2,0.649,0.801,3.12,0.503,3,33,33,16,D_unclassified,narrow_window,v31_1_cross_pathogen_extension_v1_final_20260624,48,52,82,4,-2,-1,True,1033.09,1000.0,6.941273061302723,high,high,high,2025-10-21,2025-10-24,2025-11-23,2025-12-18,influenza,Influenza 2025-2026 City Direct Municipality
湖北省_武汉市,湖北省_武汉市,7,25.43,6.43,0,0.0,59,79,100,100,141,58,65,72,86,98,101,59,20,21,41,71,7.143,8.0,0.498,0.626,15.89,-0.12,20,41,41,59,C_import_driven,actionable_window,v31_1_cross_pathogen_extension_v1_final_20260624,61,76,100,15,2,-3,True,429.56,429.56,6.065084595054864,high,medium,high,2025-10-30,2025-11-19,2025-12-10,2026-01-20,influenza,Influenza 2025-2026 City Direct Municipality
湖北省_黄石市,湖北省_黄石市,19,1.42,1.66,11,12.0,58,76,94,94,116,52,64,69,83,92,95,58,18,18,22,96,6.429,7.2,0.502,0.607,18.87,-0.202,18,36,36,47,D_unclassified,actionable_window,v31_1_cross_pathogen_extension_v1_final_20260624,60,75,94,15,2,-1,True,600.97,600.97,6.4002129445100815,high,medium,high,2025-10-29,2025-11-16,2025-12-04,2025-12-26,influenza,Influenza 2025-2026 City Direct Municipality
湖北省_十堰市,湖北省_十堰市,7,2.71,2.25,0,46.0,34,46,92,92,128,28,36,43,50,89,95,34,12,46,36,84,4.286,4.8,0.85,0.923,2.55,0.219,12,58,58,34,C_import_driven,actionable_window,v31_1_cross_pathogen_extension_v1_final_20260624,54,77,91,23,20,31,True,266.92,266.92,5.59068022549605,high,high,high,2025-10-05,2025-10-17,2025-12-02,2026-01-07,influenza,Influenza 2025-2026 City Direct Municipality
湖北省_宜昌市,湖北省_宜昌市,7,2.29,1.67,0,0.0,26,34,107,107,155,22,32,29,41,101,113,26,8,73,48,57,2.857,3.2,0.794,0.731,3.42,0.099,8,81,81,26,C_import_driven,actionable_window,v31_1_cross_pathogen_extension_v1_final_20260624,63,91,106,28,37,57,True,333.72,333.72,5.8132855537573045,high,high,high,2025-09-27,2025-10-05,2025-12-17,2026-02-03,influenza,Influenza 2025-2026 City Direct Municipality
湖北省_襄阳市,湖北省_襄阳市,7,5.57,2.97,0,0.0,72,84,97,97,135,71,77,80,91,95,100,72,12,13,38,77,4.286,4.8,0.749,0.606,37.16,-0.043,12,25,25,72,C_import_driven,actionable_window,v31_1_cross_pathogen_extension_v1_final_20260624,22,72,98,50,-50,-12,True,258.43,258.43,5.558501822283521,high,medium,high,2025-11-12,2025-11-24,2025-12-07,2026-01-14,influenza,Influenza 2025-2026 City Direct Municipality
湖北省_鄂州市,湖北省_鄂州市,7,3.29,2.12,0,0.0,81,94,107,107,140,79,87,87,101,105,110,81,13,13,33,72,4.643,5.2,0.513,0.753,13.21,-0.051,13,26,26,81,C_import_driven,actionable_window,v31_1_cross_pathogen_extension_v1_final_20260624,21,100,108,79,-60,6,True,67.92,67.92,4.233014458904987,high,medium,high,2025-11-21,2025-12-04,2025-12-17,2026-01-19,influenza,Influenza 2025-2026 City Direct Municipality
湖北省_荆门市,湖北省_荆门市,7,1.57,1.25,0,0.0,52,74,96,96,139,46,58,69,81,92,99,52,22,22,43,73,7.857,8.8,0.553,0.767,3.05,-0.064,22,44,44,52,C_import_driven,actionable_window,v31_1_cross_pathogen_extension_v1_final_20260624,55,78,97,23,3,4,True,150.74,150.74,5.022199769094775,high,medium,high,2025-10-23,2025-11-14,2025-12-06,2026-01-18,influenza,Influenza 2025-2026 City Direct Municipality
湖北省_孝感市,湖北省_孝感市,19,2.26,1.5,0,51.0,59,62,107,107,140,53,65,55,69,104,110,59,3,45,33,72,1.071,1.2,0.425,0.85,9.03,0.356,3,48,48,59,C_import_driven,narrow_window,v31_1_cross_pathogen_extension_v1_final_20260624,61,81,108,20,2,19,True,298.69,298.69,5.702734277937719,medium,high,medium,2025-10-30,2025-11-02,2025-12-17,2026-01-19,influenza,Influenza 2025-2026 City Direct Municipality
湖北省_荆州市,湖北省_荆州市,7,8.29,4.46,0,44.0,51,81,112,112,146,45,57,74,88,108,117,51,30,31,34,66,10.714,12.0,0.513,0.717,3.66,-0.018,30,61,61,51,C_import_driven,actionable_window,v31_1_cross_pathogen_extension_v1_final_20260624,48,74,112,26,-3,-7,True,150.77,150.77,5.022348899740395,high,medium,high,2025-10-22,2025-11-21,2025-12-22,2026-01-25,influenza,Influenza 2025-2026 City Direct Municipality
湖北省_黄冈市,湖北省_黄冈市,7,4.57,2.14,0,2.0,42,45,98,98,139,36,44,40,52,96,100,42,3,53,41,73,1.071,1.2,0.706,0.859,4.74,0.648,3,56,56,42,C_import_driven,narrow_window,v31_1_cross_pathogen_extension_v1_final_20260624,22,75,98,53,-20,30,True,463.68,463.68,6.1413589126332,high,high,high,2025-10-13,2025-10-16,2025-12-08,2026-01-18,influenza,Influenza 2025-2026 City Direct Municipality
湖北省_咸宁市,湖北省_咸宁市,7,5.0,2.24,0,21.0,83,89,95,95,139,81,89,82,96,89,100,83,6,6,44,73,2.143,2.4,0.856,0.498,195.37,-0.246,6,12,12,83,C_import_driven,moderate_window,v31_1_cross_pathogen_extension_v1_final_20260624,43,46,97,3,-40,-43,True,256.51,256.51,5.551062091845518,high,medium,high,2025-11-23,2025-11-29,2025-12-05,2026-01-18,influenza,Influenza 2025-2026 City Direct Municipality
湖北省_随州市,湖北省_随州市,8,1.5,1.22,0,0.0,61,85,109,109,141,59,67,78,92,105,113,61,24,24,32,71,8.571,9.6,0.762,0.67,9.25,-0.07,24,48,48,61,C_import_driven,actionable_window,v31_1_cross_pathogen_extension_v1_final_20260624,20,101,110,81,-41,16,True,189.63,189.63,5.250360330876874,high,medium,high,2025-11-01,2025-11-25,2025-12-19,2026-01-20,influenza,Influenza 2025-2026 City Direct Municipality
湖南省_长沙市,湖南省_长沙市,7,15.57,4.69,21,0.0,53,56,90,90,112,50,55,49,63,89,92,53,3,34,22,100,1.071,1.2,0.519,0.788,57.45,0.457,3,37,37,32,D_unclassified,narrow_window,v31_1_cross_pathogen_extension_v1_final_20260624,55,72,91,17,2,16,True,949.64,949.64,6.857140162944933,high,high,high,2025-10-24,2025-10-27,2025-11-30,2025-12-22,influenza,Influenza 2025-2026 City Direct Municipality
湖南省_株洲市,湖南省_株洲市,7,6.43,3.33,12,52.0,67,70,93,93,113,61,73,63,71,92,95,67,3,23,20,99,1.071,1.2,0.525,0.8,19.41,0.691,3,26,26,55,D_unclassified,narrow_window,v31_1_cross_pathogen_extension_v1_final_20260624,20,77,93,57,-47,7,True,368.66,368.66,5.912591156945883,high,high,high,2025-11-07,2025-11-10,2025-12-03,2025-12-23,influenza,Influenza 2025-2026 City Direct Municipality
湖南省_湘潭市,湖南省_湘潭市,21,1.67,1.29,18,0.0,51,54,96,96,181,49,57,47,61,94,98,51,3,42,85,31,1.071,1.2,0.514,0.858,4.21,0.989,3,45,45,33,D_unclassified,narrow_window,v31_1_cross_pathogen_extension_v1_final_20260624,29,69,96,40,-22,15,True,675.81,675.81,6.517393835833619,high,high,high,2025-10-22,2025-10-25,2025-12-06,2026-03-01,influenza,Influenza 2025-2026 City Direct Municipality
湖南省_衡阳市,湖南省_衡阳市,7,4.57,2.14,0,3.0,68,79,90,90,113,67,74,72,86,89,92,68,11,11,23,99,3.929,4.4,0.609,0.546,72.31,-0.221,11,22,22,68,C_import_driven,actionable_window,v31_1_cross_pathogen_extension_v1_final_20260624,57,70,91,13,-11,-9,True,436.94,436.94,6.08208970346862,high,medium,high,2025-11-08,2025-11-19,2025-11-30,2025-12-23,influenza,Influenza 2025-2026 City Direct Municipality
湖南省_邵阳市,湖南省_邵阳市,7,5.29,2.37,0,0.0,79,87,95,95,122,78,85,80,94,93,97,79,8,8,27,90,2.857,3.2,0.439,0.648,110.97,-0.206,8,16,16,79,C_import_driven,actionable_window,v31_1_cross_pathogen_extension_v1_final_20260624,71,74,95,3,-8,-13,True,334.86,334.86,5.816693844232815,medium,medium,medium,2025-11-19,2025-11-27,2025-12-05,2026-01-01,influenza,Influenza 2025-2026 City Direct Municipality
湖南省_岳阳市,湖南省_岳阳市,7,6.29,2.51,9,0.0,38,41,94,94,121,32,42,34,48,91,96,38,3,53,27,91,1.071,1.2,0.692,0.854,5.69,0.295,3,56,56,29,D_unclassified,narrow_window,v31_1_cross_pathogen_extension_v1_final_20260624,56,72,93,16,18,31,True,432.22,432.22,6.071245533281202,high,high,high,2025-10-09,2025-10-12,2025-12-04,2025-12-31,influenza,Influenza 2025-2026 City Direct Municipality
湖南省_常德市,湖南省_常德市,7,4.71,2.55,0,0.0,23,34,90,90,127,21,27,32,41,89,92,23,11,56,37,85,3.929,4.4,0.866,0.833,2.85,0.11,11,67,67,23,C_import_driven,actionable_window,v31_1_cross_pathogen_extension_v1_final_20260624,51,71,90,20,28,37,True,148.85,148.85,5.009631803657543,high,high,high,2025-09-24,2025-10-05,2025-11-30,2026-01-06,influenza,Influenza 2025-2026 City Direct Municipality
湖南省_张家界市,湖南省_张家界市,7,3.57,2.26,0,0.0,49,52,92,92,115,43,55,45,54,90,94,49,3,40,23,97,1.071,1.2,0.481,0.863,5.82,0.823,3,43,43,49,C_import_driven,narrow_window,v31_1_cross_pathogen_extension_v1_final_20260624,51,75,92,24,2,23,True,216.66,216.66,5.38293604842521,high,high,high,2025-10-20,2025-10-23,2025-12-02,2025-12-25,influenza,Influenza 2025-2026 City Direct Municipality
湖南省_益阳市,湖南省_益阳市,18,2.11,1.49,6,0.0,55,56,90,90,116,54,58,49,57,88,91,55,1,34,26,96,0.357,0.4,0.778,0.815,12.83,0.122,1,35,35,49,D_unclassified,too_short_for_action,v31_1_cross_pathogen_extension_v1_final_20260624,57,72,90,15,2,16,True,795.1,795.1,6.679722115889422,high,high,high,2025-10-26,2025-10-27,2025-11-30,2025-12-26,influenza,Influenza 2025-2026 City Direct Municipality
湖南省_郴州市,湖南省_郴州市,7,7.14,4.26,0,0.0,52,55,85,85,111,46,58,48,58,80,91,52,3,30,26,101,1.071,1.2,0.426,0.832,8.13,0.764,3,33,33,52,C_import_driven,narrow_window,v31_1_cross_pathogen_extension_v1_final_20260624,24,56,85,32,-28,1,True,464.48,464.48,6.143073997343879,medium,high,medium,2025-10-23,2025-10-26,2025-11-25,2025-12-21,influenza,Influenza 2025-2026 City Direct Municipality
湖南省_永州市,湖南省_永州市,7,15.71,7.36,0,0.0,28,37,94,94,124,22,30,35,44,92,95,28,9,57,30,88,3.214,3.6,0.727,0.842,2.7,0.271,9,66,66,28,C_import_driven,actionable_window,v31_1_cross_pathogen_extension_v1_final_20260624,69,72,94,3,41,35,True,155.48,155.48,5.052898995663882,high,high,high,2025-09-29,2025-10-08,2025-12-04,2026-01-03,influenza,Influenza 2025-2026 City Direct Municipality
湖南省_怀化市,湖南省_怀化市,7,3.57,1.89,32,0.0,47,50,88,88,115,41,50,45,55,85,91,47,3,38,27,97,1.071,1.2,0.629,0.921,3.6,0.669,3,41,41,15,D_unclassified,narrow_window,v31_1_cross_pathogen_extension_v1_final_20260624,29,63,87,34,-18,13,True,887.55,887.55,6.789586666683225,high,high,high,2025-10-18,2025-10-21,2025-11-28,2025-12-25,influenza,Influenza 2025-2026 City Direct Municipality
湖南省_娄底市,湖南省_娄底市,10,2.3,1.55,18,0.0,32,35,91,91,114,26,34,32,42,89,93,32,3,56,23,98,1.071,1.2,0.845,0.773,2.57,0.205,3,59,59,14,D_unclassified,narrow_window,v31_1_cross_pathogen_extension_v1_final_20260624,27,71,91,44,-5,36,True,669.37,669.37,6.507823790483803,high,high,high,2025-10-03,2025-10-06,2025-12-01,2025-12-24,influenza,Influenza 2025-2026 City Direct Municipality
广东省_广州市,广东省_广州市,7,229.57,19.27,0,0.0,16,55,95,95,119,14,19,48,62,93,96,16,39,40,24,93,13.929,15.6,0.883,0.917,4.62,0.095,39,79,79,16,C_import_driven,actionable_window,v31_1_cross_pathogen_extension_v1_final_20260624,60,80,94,20,44,25,True,171.63,171.63,5.151142984158822,high,high,high,2025-09-17,2025-10-26,2025-12-05,2025-12-29,influenza,Influenza 2025-2026 City Direct Municipality
广东省_韶关市,广东省_韶关市,7,5.71,2.49,0,0.0,27,42,95,95,120,21,33,40,49,93,96,27,15,53,25,92,5.357,6.0,0.8,0.855,2.88,0.21,15,68,68,27,C_import_driven,actionable_window,v31_1_cross_pathogen_extension_v1_final_20260624,22,75,94,53,-5,33,True,419.54,419.54,6.041532116336411,high,high,high,2025-09-28,2025-10-13,2025-12-05,2025-12-30,influenza,Influenza 2025-2026 City Direct Municipality
广东省_深圳市,广东省_深圳市,7,1184.86,202.34,0,0.0,53,72,91,91,120,51,56,65,76,90,93,53,19,19,29,92,6.786,7.6,0.679,0.578,7.48,-0.328,19,38,38,53,C_import_driven,actionable_window,v31_1_cross_pathogen_extension_v1_final_20260624,49,63,91,14,-4,-9,True,26.48,26.48,3.3134288933108658,high,medium,high,2025-10-24,2025-11-12,2025-12-01,2025-12-30,influenza,Influenza 2025-2026 City Direct Municipality
广东省_珠海市,广东省_珠海市,7,73.14,25.77,0,0.0,56,59,92,92,115,51,62,52,62,90,93,56,3,33,23,97,1.071,1.2,0.533,0.842,5.18,0.71,3,36,36,56,C_import_driven,narrow_window,v31_1_cross_pathogen_extension_v1_final_20260624,60,63,92,3,4,4,True,64.17,64.17,4.177039474653163,high,high,high,2025-10-27,2025-10-30,2025-12-02,2025-12-25,influenza,Influenza 2025-2026 City Direct Municipality
广东省_汕头市,广东省_汕头市,7,11.86,3.44,0,,36,51,66,66,119,35,42,44,58,62,70,36,15,15,53,93,5.357,6.0,0.693,0.516,10.59,-0.531,15,30,30,36,C_import_driven,actionable_window,v31_1_cross_pathogen_extension_v1_final_20260624,22,42,65,20,-14,-9,True,25.12,25.12,3.2628608717304477,high,medium,high,2025-10-07,2025-10-22,2025-11-06,2025-12-29,influenza,Influenza 2025-2026 City Direct Municipality
广东省_佛山市,广东省_佛山市,7,54.29,8.45,0,0.0,67,70,94,94,116,65,73,63,72,92,95,67,3,24,22,96,1.071,1.2,0.568,0.811,31.06,0.421,3,27,27,67,C_import_driven,narrow_window,v31_1_cross_pathogen_extension_v1_final_20260624,21,71,94,50,-46,1,True,184.3,184.3,5.221984540162991,high,high,high,2025-11-07,2025-11-10,2025-12-04,2025-12-26,influenza,Influenza 2025-2026 City Direct Municipality
广东省_江门市,广东省_江门市,7,17.86,4.73,0,0.0,66,80,95,95,115,65,72,73,87,93,96,66,14,15,20,97,5.0,5.6,0.619,0.506,15.4,-0.541,14,29,29,66,C_import_driven,actionable_window,v31_1_cross_pathogen_extension_v1_final_20260624,22,71,95,49,-44,-9,True,142.37,142.37,4.965445576463078,high,medium,high,2025-11-06,2025-11-20,2025-12-05,2025-12-25,influenza,Influenza 2025-2026 City Direct Municipality
广东省_湛江市,广东省_湛江市,7,67.57,14.73,0,0.0,81,82,100,100,141,75,83,75,84,97,102,81,1,18,41,71,0.357,0.4,0.778,0.684,2.95,0.081,1,19,19,81,C_import_driven,too_short_for_action,v31_1_cross_pathogen_extension_v1_final_20260624,76,81,99,5,-5,-1,True,18.4,18.4,2.9652821281968103,high,high,high,2025-11-21,2025-11-22,2025-12-10,2026-01-20,influenza,Influenza 2025-2026 City Direct Municipality
广东省_茂名市,广东省_茂名市,7,10.29,3.99,0,0.0,57,60,94,94,153,51,63,53,67,92,97,57,3,34,59,59,1.071,1.2,0.439,0.904,6.88,0.86,3,37,37,57,C_import_driven,narrow_window,v31_1_cross_pathogen_extension_v1_final_20260624,60,71,94,11,3,11,True,70.98,70.98,4.276425231569713,medium,high,medium,2025-10-28,2025-10-31,2025-12-04,2026-02-01,influenza,Influenza 2025-2026 City Direct Municipality
广东省_肇庆市,广东省_肇庆市,7,8.0,2.83,0,57.0,61,64,96,96,117,55,67,57,66,94,97,61,3,32,21,95,1.071,1.2,0.576,0.714,2.55,0.231,3,35,35,61,C_import_driven,narrow_window,v31_1_cross_pathogen_extension_v1_final_20260624,22,69,96,47,-39,5,True,209.23,209.23,5.348212051901524,high,high,high,2025-11-01,2025-11-04,2025-12-06,2025-12-27,influenza,Influenza 2025-2026 City Direct Municipality
广东省_惠州市,广东省_惠州市,7,25.86,5.08,0,0.0,68,80,92,92,113,67,74,73,87,90,93,68,12,12,21,99,4.286,4.8,0.792,0.531,71.36,-0.444,12,24,24,68,C_import_driven,actionable_window,v31_1_cross_pathogen_extension_v1_final_20260624,58,73,92,15,-10,-7,True,132.34,132.34,4.8928669661855855,high,medium,high,2025-11-08,2025-11-20,2025-12-02,2025-12-23,influenza,Influenza 2025-2026 City Direct Municipality
广东省_梅州市,广东省_梅州市,7,3.86,1.96,0,21.0,63,77,91,91,114,62,69,75,84,89,93,63,14,14,23,98,5.0,5.6,0.74,0.591,83.17,-0.127,14,28,28,63,C_import_driven,actionable_window,v31_1_cross_pathogen_extension_v1_final_20260624,45,62,91,17,-18,-15,True,157.62,157.62,5.066534704293256,high,medium,high,2025-11-03,2025-11-17,2025-12-01,2025-12-24,influenza,Influenza 2025-2026 City Direct Municipality
广东省_汕尾市,广东省_汕尾市,7,15.71,4.74,0,0.0,69,79,89,89,113,67,75,72,86,88,92,69,10,10,24,99,3.571,4.0,0.836,0.506,42.82,-0.561,10,20,20,69,C_import_driven,actionable_window,v31_1_cross_pathogen_extension_v1_final_20260624,47,60,90,13,-22,-19,True,44.25,44.25,3.812114586990811,high,medium,high,2025-11-09,2025-11-19,2025-11-29,2025-12-23,influenza,Influenza 2025-2026 City Direct Municipality
广东省_河源市,广东省_河源市,7,4.29,2.91,0,0.0,22,38,92,92,113,16,28,35,45,91,94,22,16,54,21,99,5.714,6.4,0.809,0.731,2.56,0.243,16,70,70,22,C_import_driven,actionable_window,v31_1_cross_pathogen_extension_v1_final_20260624,24,79,92,55,2,41,True,313.46,313.46,5.750859712101628,high,high,high,2025-09-23,2025-10-09,2025-12-02,2025-12-23,influenza,Influenza 2025-2026 City Direct Municipality
广东省_阳江市,广东省_阳江市,7,9.29,5.85,0,0.0,68,71,93,93,127,67,74,67,74,91,94,68,3,22,34,85,1.071,1.2,0.62,0.93,5.32,0.362,3,25,25,68,C_import_driven,narrow_window,v31_1_cross_pathogen_extension_v1_final_20260624,42,74,93,32,-26,3,True,42.15,42.15,3.7646044233941662,high,high,high,2025-11-08,2025-11-11,2025-12-03,2026-01-06,influenza,Influenza 2025-2026 City Direct Municipality
广东省_清远市,广东省_清远市,7,11.71,3.42,0,0.0,30,33,95,95,118,24,33,29,40,93,96,30,3,62,23,94,1.071,1.2,0.788,0.743,5.11,0.299,3,65,65,30,C_import_driven,narrow_window,v31_1_cross_pathogen_extension_v1_final_20260624,19,67,94,48,-11,34,True,399.58,399.58,5.992923136058976,high,high,high,2025-10-01,2025-10-04,2025-12-05,2025-12-28,influenza,Influenza 2025-2026 City Direct Municipality
广东省_东莞市,广东省_东莞市,7,25.0,5.48,0,0.0,67,68,93,93,128,66,73,61,69,91,95,67,1,25,35,84,0.357,0.4,0.631,0.71,49.96,0.002,1,26,26,67,C_import_driven,too_short_for_action,v31_1_cross_pathogen_extension_v1_final_20260624,58,69,93,11,-9,1,True,127.36,127.36,4.854869128868279,high,high,high,2025-11-07,2025-11-08,2025-12-03,2026-01-07,influenza,Influenza 2025-2026 City Direct Municipality
广东省_中山市,广东省_中山市,7,16.29,5.12,0,0.0,19,40,93,93,115,13,25,34,47,92,94,19,21,53,22,97,7.5,8.4,0.704,0.869,2.55,0.238,21,74,74,19,C_import_driven,actionable_window,v31_1_cross_pathogen_extension_v1_final_20260624,61,64,93,3,42,24,True,296.34,296.34,5.694881542393232,high,high,high,2025-09-20,2025-10-11,2025-12-03,2025-12-25,influenza,Influenza 2025-2026 City Direct Municipality
广东省_潮州市,广东省_潮州市,7,5.29,2.55,0,0.0,55,72,89,89,115,54,61,65,79,86,92,55,17,17,26,97,6.071,6.8,0.521,0.741,11.37,-0.092,17,34,34,55,C_import_driven,actionable_window,v31_1_cross_pathogen_extension_v1_final_20260624,18,67,89,49,-37,-5,True,18.37,18.37,2.963764984182466,high,medium,high,2025-10-26,2025-11-12,2025-11-29,2025-12-25,influenza,Influenza 2025-2026 City Direct Municipality
广东省_揭阳市,广东省_揭阳市,7,12.86,4.12,0,0.0,16,53,90,90,119,10,22,46,56,88,93,16,37,37,29,93,13.214,14.8,0.648,0.757,8.27,-0.087,37,74,74,16,C_import_driven,actionable_window,v31_1_cross_pathogen_extension_v1_final_20260624,16,45,91,29,0,-8,True,10.33,10.33,2.427655943283417,high,medium,high,2025-09-17,2025-10-24,2025-11-30,2025-12-29,influenza,Influenza 2025-2026 City Direct Municipality
广东省_云浮市,广东省_云浮市,30,1.67,1.29,0,50.0,50,53,96,96,176,44,56,46,60,94,98,50,3,43,80,36,1.071,1.2,0.517,0.898,2.67,0.979,3,46,46,50,C_import_driven,narrow_window,v31_1_cross_pathogen_extension_v1_final_20260624,30,71,96,41,-20,18,True,161.34,161.34,5.089663824049981,high,high,high,2025-10-21,2025-10-24,2025-12-06,2026-02-24,influenza,Influenza 2025-2026 City Direct Municipality
广西壮族自治区_南宁市,广西壮族自治区_南宁市,7,32.43,5.69,0,5.0,87,90,94,94,120,85,93,83,94,92,95,87,3,4,26,92,1.071,1.2,0.822,0.479,547.86,-0.467,3,7,7,87,C_import_driven,narrow_window,v31_1_cross_pathogen_extension_v1_final_20260624,21,61,93,40,-66,-29,True,502.77,502.77,6.222119234486435,high,medium,high,2025-11-27,2025-11-30,2025-12-04,2025-12-30,influenza,Influenza 2025-2026 City Direct Municipality
广西壮族自治区_柳州市,广西壮族自治区_柳州市,7,3.43,3.11,40,0.0,80,88,96,96,122,79,86,81,95,94,98,80,8,8,26,90,2.857,3.2,0.785,0.488,85.99,-0.387,8,16,16,40,D_unclassified,actionable_window,v31_1_cross_pathogen_extension_v1_final_20260624,37,81,95,44,-43,-7,True,685.94,685.94,6.532244802364057,high,medium,high,2025-11-20,2025-11-28,2025-12-06,2026-01-01,influenza,Influenza 2025-2026 City Direct Municipality
广西壮族自治区_桂林市,广西壮族自治区_桂林市,7,5.0,2.51,21,2.0,62,65,95,95,125,60,68,58,69,93,96,62,3,30,30,87,1.071,1.2,0.478,0.858,11.1,0.779,3,33,33,41,D_unclassified,narrow_window,v31_1_cross_pathogen_extension_v1_final_20260624,27,68,94,41,-35,3,True,716.84,716.84,6.5762403896793264,high,high,high,2025-11-02,2025-11-05,2025-12-05,2026-01-04,influenza,Influenza 2025-2026 City Direct Municipality
广西壮族自治区_梧州市,广西壮族自治区_梧州市,7,4.86,2.2,0,44.0,76,83,90,90,117,75,82,76,90,88,92,76,7,7,27,95,2.5,2.8,0.699,0.484,61.18,-0.744,7,14,14,76,C_import_driven,actionable_window,v31_1_cross_pathogen_extension_v1_final_20260624,21,68,91,47,-55,-15,True,115.82,115.82,4.760633681550727,high,medium,high,2025-11-16,2025-11-23,2025-11-30,2025-12-27,influenza,Influenza 2025-2026 City Direct Municipality
广西壮族自治区_北海市,广西壮族自治区_北海市,7,38.29,7.91,0,0.0,69,85,102,102,154,66,74,78,92,97,106,69,16,17,52,58,5.714,6.4,0.726,0.795,13.21,0.102,16,33,33,69,C_import_driven,actionable_window,v31_1_cross_pathogen_extension_v1_final_20260624,42,84,101,42,-27,-1,True,23.55,23.55,3.2007043355052636,high,high,high,2025-11-09,2025-11-25,2025-12-12,2026-02-02,influenza,Influenza 2025-2026 City Direct Municipality
广西壮族自治区_防城港市,广西壮族自治区_防城港市,7,5.43,2.33,0,0.0,29,32,114,114,159,27,35,25,33,113,117,29,3,82,45,53,1.071,1.2,0.563,0.787,4.13,0.308,3,85,85,29,C_import_driven,narrow_window,v31_1_cross_pathogen_extension_v1_final_20260624,21,52,115,31,-8,20,True,68.26,68.26,4.2377998741636365,high,high,high,2025-09-30,2025-10-03,2025-12-24,2026-02-07,influenza,Influenza 2025-2026 City Direct Municipality
广西壮族自治区_钦州市,广西壮族自治区_钦州市,7,6.71,2.66,0,0.0,74,84,94,94,137,73,80,77,87,91,96,74,10,10,43,75,3.571,4.0,0.757,0.579,40.45,-0.272,10,20,20,74,C_import_driven,actionable_window,v31_1_cross_pathogen_extension_v1_final_20260624,30,68,93,38,-44,-16,True,76.77,76.77,4.3536918625063,high,medium,high,2025-11-14,2025-11-24,2025-12-04,2026-01-16,influenza,Influenza 2025-2026 City Direct Municipality
广西壮族自治区_贵港市,广西壮族自治区_贵港市,7,6.57,2.56,0,0.0,45,48,88,88,118,39,51,41,54,85,90,45,3,40,30,94,1.071,1.2,0.438,0.881,3.66,0.727,3,43,43,45,C_import_driven,narrow_window,v31_1_cross_pathogen_extension_v1_final_20260624,22,67,87,45,-23,19,True,246.52,246.52,5.511474437875827,medium,high,medium,2025-10-16,2025-10-19,2025-11-28,2025-12-28,influenza,Influenza 2025-2026 City Direct Municipality
广西壮族自治区_玉林市,广西壮族自治区_玉林市,7,4.43,2.1,0,0.0,28,64,100,100,126,27,31,57,71,97,102,28,36,36,26,86,12.857,14.4,0.889,0.674,2.63,-0.133,36,72,72,28,C_import_driven,actionable_window,v31_1_cross_pathogen_extension_v1_final_20260624,21,87,99,66,-7,23,True,257.49,257.49,5.5548714908135635,high,medium,high,2025-09-29,2025-11-04,2025-12-10,2026-01-05,influenza,Influenza 2025-2026 City Direct Municipality
广西壮族自治区_百色市,广西壮族自治区_百色市,9,2.89,2.51,18,45.0,68,81,95,95,118,67,74,74,88,93,97,68,13,14,23,94,4.643,5.2,0.626,0.724,39.08,-0.057,13,27,27,50,D_unclassified,actionable_window,v31_1_cross_pathogen_extension_v1_final_20260624,65,77,95,12,-3,-4,True,660.99,660.99,6.495250594546688,high,medium,high,2025-11-08,2025-11-21,2025-12-05,2025-12-28,influenza,Influenza 2025-2026 City Direct Municipality
广西壮族自治区_贺州市,广西壮族自治区_贺州市,7,3.43,2.32,0,72.0,75,78,108,108,140,74,81,71,79,106,110,75,3,30,32,72,1.071,1.2,0.679,0.698,5.49,0.048,3,33,33,75,C_import_driven,narrow_window,v31_1_cross_pathogen_extension_v1_final_20260624,70,78,108,8,-5,0,True,147.7,147.7,5.001936969082648,high,high,high,2025-11-15,2025-11-18,2025-12-18,2026-01-19,influenza,Influenza 2025-2026 City Direct Municipality
广西壮族自治区_河池市,广西壮族自治区_河池市,7,5.14,2.64,0,0.0,57,60,97,97,123,52,63,53,67,94,99,57,3,37,26,89,1.071,1.2,0.548,0.851,2.63,0.976,3,40,40,57,C_import_driven,narrow_window,v31_1_cross_pathogen_extension_v1_final_20260624,45,64,97,19,-12,4,True,327.7,327.7,5.7951343800470205,high,high,high,2025-10-28,2025-10-31,2025-12-07,2026-01-02,influenza,Influenza 2025-2026 City Direct Municipality
广西壮族自治区_来宾市,广西壮族自治区_来宾市,7,3.29,1.81,0,61.0,75,76,102,102,128,75,81,69,77,99,104,75,1,26,26,84,0.357,0.4,0.632,0.653,12.67,0.072,1,27,27,75,C_import_driven,too_short_for_action,v31_1_cross_pathogen_extension_v1_final_20260624,72,75,101,3,-3,-1,True,567.34,567.34,6.3427140042213175,high,high,high,2025-11-15,2025-11-16,2025-12-12,2026-01-07,influenza,Influenza 2025-2026 City Direct Municipality
广西壮族自治区_崇左市,广西壮族自治区_崇左市,7,19.0,4.36,0,0.0,62,65,98,98,122,60,68,58,67,96,100,62,3,33,24,90,1.071,1.2,0.522,0.78,3.09,0.433,3,36,36,62,C_import_driven,narrow_window,v31_1_cross_pathogen_extension_v1_final_20260624,21,68,98,47,-41,3,True,162.42,162.42,5.0963005296338215,high,high,high,2025-11-02,2025-11-05,2025-12-08,2026-01-01,influenza,Influenza 2025-2026 City Direct Municipality
海南省_海口市,海南省_海口市,7,73.29,19.41,0,0.0,50,68,86,86,147,44,56,61,75,80,92,50,18,18,61,65,6.429,7.2,0.685,0.665,10.44,-0.034,18,36,36,50,C_import_driven,actionable_window,v31_1_cross_pathogen_extension_v1_final_20260624,54,61,86,7,4,-7,True,14.02,14.02,2.70948279823356,high,medium,high,2025-10-21,2025-11-08,2025-11-26,2026-01-26,influenza,Influenza 2025-2026 City Direct Municipality
海南省_三亚市,海南省_三亚市,7,14.43,4.27,0,0.0,36,56,76,76,118,35,42,49,63,74,78,36,20,20,42,94,7.143,8.0,0.549,0.869,4.75,-0.032,20,40,40,36,C_import_driven,actionable_window,v31_1_cross_pathogen_extension_v1_final_20260624,32,61,76,29,-4,5,True,57.11,57.11,4.062271660390639,high,medium,high,2025-10-07,2025-10-27,2025-11-16,2025-12-28,influenza,Influenza 2025-2026 City Direct Municipality
海南省_三沙市,海南省_三沙市,30,0.0,0.71,88,,27,32,105,105,137,27,27,27,39,103,106,27,5,73,32,75,1.786,2.0,0.166,0.805,0.0,0.356,5,78,78,-61,B_sparse,narrow_window,v31_1_cross_pathogen_extension_v1_final_20260624,27,91,104,64,0,59,True,601723604.63,1000.0,20.215308770988667,medium,high,medium,2025-09-28,2025-10-03,2025-12-15,2026-01-16,influenza,Influenza 2025-2026 City Direct Municipality
海南省_儋州市,海南省_儋州市,7,8.71,6.88,0,0.0,56,70,85,85,123,53,62,65,74,82,87,56,14,15,38,89,5.0,5.6,0.809,0.601,2.65,-0.109,14,29,29,56,C_import_driven,actionable_window,v31_1_cross_pathogen_extension_v1_final_20260624,47,58,84,11,-9,-12,True,24.44,24.44,3.2365073593152345,high,medium,high,2025-10-27,2025-11-10,2025-11-25,2026-01-02,influenza,Influenza 2025-2026 City Direct Municipality
四川省_成都市,四川省_成都市,7,35.14,5.93,0,0.0,29,59,90,90,121,27,32,52,66,88,92,29,30,31,31,91,10.714,12.0,0.67,0.72,8.67,-0.13,30,61,61,29,C_import_driven,actionable_window,v31_1_cross_pathogen_extension_v1_final_20260624,49,69,90,20,20,10,True,1113.27,1000.0,7.0159564171254765,high,medium,high,2025-09-30,2025-10-30,2025-11-30,2025-12-31,influenza,Influenza 2025-2026 City Direct Municipality
四川省_自贡市,四川省_自贡市,7,13.29,9.79,0,,42,54,67,67,116,41,48,47,61,65,70,42,12,13,49,96,4.286,4.8,0.733,0.561,3.03,-0.186,12,25,25,42,C_import_driven,actionable_window,v31_1_cross_pathogen_extension_v1_final_20260624,19,46,67,27,-23,-8,True,83.23,83.23,4.433506325655044,high,medium,high,2025-10-13,2025-10-25,2025-11-07,2025-12-26,influenza,Influenza 2025-2026 City Direct Municipality
四川省_攀枝花市,四川省_攀枝花市,7,2.86,1.69,0,0.0,50,51,75,75,120,46,56,44,56,73,76,50,1,24,45,92,0.357,0.4,0.677,0.711,4.45,0.037,1,25,25,50,C_import_driven,too_short_for_action,v31_1_cross_pathogen_extension_v1_final_20260624,40,53,74,13,-10,2,True,61.5,61.5,4.135201675544026,high,high,high,2025-10-21,2025-10-22,2025-11-15,2025-12-30,influenza,Influenza 2025-2026 City Direct Municipality
四川省_泸州市,四川省_泸州市,16,1.75,1.39,0,5.0,51,54,97,97,123,49,57,47,55,95,99,51,3,43,26,89,1.071,1.2,0.498,0.86,6.58,0.395,3,46,46,51,C_import_driven,narrow_window,v31_1_cross_pathogen_extension_v1_final_20260624,54,70,97,16,3,16,True,329.13,329.13,5.799476657775353,high,high,high,2025-10-22,2025-10-25,2025-12-07,2026-01-02,influenza,Influenza 2025-2026 City Direct Municipality
四川省_德阳市,四川省_德阳市,30,2.0,1.41,28,32.0,45,48,91,91,120,39,51,41,51,89,92,45,3,43,29,92,1.071,1.2,0.613,0.845,8.2,0.574,3,46,46,17,D_unclassified,narrow_window,v31_1_cross_pathogen_extension_v1_final_20260624,44,53,91,9,-1,5,True,1019.12,1000.0,6.927672531093536,high,high,high,2025-10-16,2025-10-19,2025-12-01,2025-12-30,influenza,Influenza 2025-2026 City Direct Municipality
四川省_绵阳市,四川省_绵阳市,18,1.89,1.45,22,19.0,28,41,92,92,119,26,32,35,45,90,93,28,13,51,27,93,4.643,5.2,0.841,0.853,2.65,0.097,13,64,64,6,D_unclassified,actionable_window,v31_1_cross_pathogen_extension_v1_final_20260624,26,63,91,37,-2,22,True,1390.6,1000.0,7.238212671654018,high,high,high,2025-09-29,2025-10-12,2025-12-02,2025-12-29,influenza,Influenza 2025-2026 City Direct Municipality
四川省_广元市,四川省_广元市,7,1.71,1.83,0,0.0,79,87,96,96,117,78,85,80,94,93,97,79,8,9,21,95,2.857,3.2,0.474,0.649,244.65,-0.049,8,17,17,79,C_import_driven,actionable_window,v31_1_cross_pathogen_extension_v1_final_20260624,59,82,95,23,-20,-5,True,70.18,70.18,4.265165407428286,high,medium,high,2025-11-19,2025-11-27,2025-12-06,2025-12-27,influenza,Influenza 2025-2026 City Direct Municipality
四川省_遂宁市,四川省_遂宁市,12,2.25,1.5,0,18.0,28,60,93,93,119,26,31,53,67,91,95,28,32,33,26,93,11.429,12.8,0.793,0.762,4.93,-0.019,32,65,65,28,C_import_driven,actionable_window,v31_1_cross_pathogen_extension_v1_final_20260624,47,58,93,11,19,-2,True,606.28,606.28,6.4089974140899155,high,medium,high,2025-09-29,2025-10-31,2025-12-03,2025-12-29,influenza,Influenza 2025-2026 City Direct Municipality
四川省_内江市,四川省_内江市,30,1.83,1.35,0,0.0,43,46,97,97,124,37,45,39,53,96,100,43,3,51,27,88,1.071,1.2,0.527,0.912,2.62,0.897,3,54,54,43,C_import_driven,narrow_window,v31_1_cross_pathogen_extension_v1_final_20260624,52,62,98,10,9,16,True,413.6,413.6,6.027324379311048,high,high,high,2025-10-14,2025-10-17,2025-12-07,2026-01-03,influenza,Influenza 2025-2026 City Direct Municipality
四川省_乐山市,四川省_乐山市,11,2.36,1.82,0,0.0,27,30,74,74,120,24,30,25,37,73,76,27,3,44,46,92,1.071,1.2,0.708,0.879,4.96,0.488,3,47,47,27,C_import_driven,narrow_window,v31_1_cross_pathogen_extension_v1_final_20260624,24,51,74,27,-3,21,True,217.18,217.18,5.385317152854074,high,high,high,2025-09-28,2025-10-01,2025-11-14,2025-12-30,influenza,Influenza 2025-2026 City Direct Municipality
四川省_南充市,四川省_南充市,7,6.86,3.44,0,54.0,70,82,95,95,119,68,74,75,88,93,97,70,12,13,24,93,4.286,4.8,0.502,0.68,47.65,-0.059,12,25,25,70,C_import_driven,actionable_window,v31_1_cross_pathogen_extension_v1_final_20260624,22,72,95,50,-48,-10,True,362.18,362.18,5.8948863072723015,high,medium,high,2025-11-10,2025-11-22,2025-12-05,2025-12-29,influenza,Influenza 2025-2026 City Direct Municipality
四川省_眉山市,四川省_眉山市,22,1.36,1.77,6,32.0,50,53,96,96,131,48,56,46,54,94,98,50,3,43,35,81,1.071,1.2,0.653,0.744,11.99,0.161,3,46,46,44,D_unclassified,narrow_window,v31_1_cross_pathogen_extension_v1_final_20260624,39,56,77,17,-11,3,True,417.63,417.63,6.036986273668813,high,high,high,2025-10-21,2025-10-24,2025-12-06,2026-01-10,influenza,Influenza 2025-2026 City Direct Municipality
四川省_宜宾市,四川省_宜宾市,9,2.33,1.89,24,4.0,48,51,88,88,114,42,54,44,52,86,89,48,3,37,26,98,1.071,1.2,0.592,0.788,20.91,0.202,3,40,40,24,D_unclassified,narrow_window,v31_1_cross_pathogen_extension_v1_final_20260624,49,64,87,15,1,13,True,678.72,678.72,6.521674505949063,high,high,high,2025-10-19,2025-10-22,2025-11-28,2025-12-24,influenza,Influenza 2025-2026 City Direct Municipality
四川省_广安市,四川省_广安市,7,4.14,2.04,9,41.0,52,55,90,90,114,49,55,48,57,87,91,52,3,35,24,98,1.071,1.2,0.577,0.78,14.53,0.321,3,38,38,43,D_unclassified,narrow_window,v31_1_cross_pathogen_extension_v1_final_20260624,20,68,89,48,-32,13,True,486.67,486.67,6.189644072135582,high,high,high,2025-10-23,2025-10-26,2025-11-30,2025-12-24,influenza,Influenza 2025-2026 City Direct Municipality
四川省_达州市,四川省_达州市,24,1.96,1.67,7,4.0,52,55,90,90,113,46,56,48,56,89,92,52,3,35,23,99,1.071,1.2,0.607,0.881,9.98,0.245,3,38,38,45,D_unclassified,narrow_window,v31_1_cross_pathogen_extension_v1_final_20260624,55,62,90,7,3,7,True,586.89,586.89,6.376544881530144,high,high,high,2025-10-23,2025-10-26,2025-11-30,2025-12-23,influenza,Influenza 2025-2026 City Direct Municipality
四川省_雅安市,四川省_雅安市,30,0.7,0.86,24,0.0,70,82,95,95,123,67,73,75,89,93,97,70,12,13,28,89,4.286,4.8,0.64,0.635,229.89,-0.189,12,25,25,46,D_unclassified,actionable_window,v31_1_cross_pathogen_extension_v1_final_20260624,30,82,95,52,-40,0,True,983.58,983.58,6.892213567639962,high,medium,high,2025-11-10,2025-11-22,2025-12-05,2026-01-02,influenza,Influenza 2025-2026 City Direct Municipality
四川省_巴中市,四川省_巴中市,30,0.73,1.0,28,0.0,42,67,93,93,115,36,44,60,74,92,94,42,25,26,22,97,8.929,10.0,0.787,0.796,3.21,-0.046,25,51,51,14,D_unclassified,actionable_window,v31_1_cross_pathogen_extension_v1_final_20260624,69,72,93,3,27,5,True,1042.97,1000.0,6.950790339104791,high,medium,high,2025-10-13,2025-11-07,2025-12-03,2025-12-25,influenza,Influenza 2025-2026 City Direct Municipality
四川省_资阳市,四川省_资阳市,30,1.17,1.08,26,2.0,43,46,98,98,129,37,49,39,52,96,99,43,3,52,31,83,1.071,1.2,0.711,0.928,2.88,0.51,3,55,55,17,D_unclassified,narrow_window,v31_1_cross_pathogen_extension_v1_final_20260624,41,67,97,26,-2,21,True,274.5,274.5,5.618569520993985,high,high,high,2025-10-14,2025-10-17,2025-12-08,2026-01-08,influenza,Influenza 2025-2026 City Direct Municipality
贵州省_贵阳市,贵州省_贵阳市,7,7.86,2.8,22,43.0,52,55,80,80,108,46,54,48,62,78,82,52,3,25,28,104,1.071,1.2,0.549,0.723,6.6,0.229,3,28,28,30,D_unclassified,narrow_window,v31_1_cross_pathogen_extension_v1_final_20260624,54,57,80,3,2,2,True,696.89,696.89,6.548056622393801,high,high,high,2025-10-23,2025-10-26,2025-11-20,2025-12-18,influenza,Influenza 2025-2026 City Direct Municipality
贵州省_六盘水市,贵州省_六盘水市,8,2.12,1.62,0,0.0,54,57,88,88,111,53,60,50,58,86,89,54,3,31,23,101,1.071,1.2,0.582,0.73,17.7,0.428,3,34,34,54,C_import_driven,narrow_window,v31_1_cross_pathogen_extension_v1_final_20260624,25,58,88,33,-29,1,True,516.84,516.84,6.2496593243030265,high,high,high,2025-10-25,2025-10-28,2025-11-28,2025-12-21,influenza,Influenza 2025-2026 City Direct Municipality
贵州省_遵义市,贵州省_遵义市,7,2.86,1.88,35,0.0,38,64,90,90,114,32,44,57,65,88,92,38,26,26,24,98,9.286,10.4,0.679,0.742,2.58,-0.03,26,52,52,3,D_unclassified,actionable_window,v31_1_cross_pathogen_extension_v1_final_20260624,58,66,90,8,20,2,True,939.84,939.84,6.846768019925677,high,medium,high,2025-10-09,2025-11-04,2025-11-30,2025-12-24,influenza,Influenza 2025-2026 City Direct Municipality
贵州省_安顺市,贵州省_安顺市,7,9.43,3.07,0,45.0,54,57,89,89,117,48,60,50,61,86,92,54,3,32,28,95,1.071,1.2,0.508,0.795,2.74,0.819,3,35,35,54,C_import_driven,narrow_window,v31_1_cross_pathogen_extension_v1_final_20260624,18,59,89,41,-36,2,True,223.24,223.24,5.41272490690733,high,high,high,2025-10-25,2025-10-28,2025-11-29,2025-12-27,influenza,Influenza 2025-2026 City Direct Municipality
贵州省_毕节市,贵州省_毕节市,7,3.57,2.82,0,45.0,46,49,81,81,113,40,52,42,55,76,87,46,3,32,32,99,1.071,1.2,0.5,0.919,4.3,0.773,3,35,35,46,C_import_driven,narrow_window,v31_1_cross_pathogen_extension_v1_final_20260624,25,55,78,30,-21,6,True,381.5,381.5,5.946729482244936,high,high,high,2025-10-17,2025-10-20,2025-11-21,2025-12-23,influenza,Influenza 2025-2026 City Direct Municipality
贵州省_铜仁市,贵州省_铜仁市,7,1.57,1.25,0,0.0,21,49,77,77,115,15,27,42,51,72,83,21,28,28,38,97,10.0,11.2,0.524,0.884,3.13,0.028,28,56,56,21,C_import_driven,actionable_window,v31_1_cross_pathogen_extension_v1_final_20260624,24,58,74,34,3,9,True,150.77,150.77,5.0223407930557515,high,high,high,2025-09-22,2025-10-20,2025-11-17,2025-12-25,influenza,Influenza 2025-2026 City Direct Municipality
云南省_昆明市,云南省_昆明市,7,13.57,3.77,0,0.0,20,46,72,72,113,14,26,39,49,70,74,20,26,26,41,99,9.286,10.4,0.699,0.768,5.16,-0.055,26,52,52,20,C_import_driven,actionable_window,v31_1_cross_pathogen_extension_v1_final_20260624,26,55,72,29,6,9,True,215.57,215.57,5.377931194007501,high,medium,high,2025-09-21,2025-10-17,2025-11-12,2025-12-23,influenza,Influenza 2025-2026 City Direct Municipality
云南省_曲靖市,云南省_曲靖市,7,3.71,1.93,0,0.0,48,62,76,76,108,42,54,55,69,74,77,48,14,14,32,104,5.0,5.6,0.611,0.762,14.58,-0.04,14,28,28,48,C_import_driven,actionable_window,v31_1_cross_pathogen_extension_v1_final_20260624,51,54,76,3,3,-8,True,527.61,527.61,6.270244238117368,high,medium,high,2025-10-19,2025-11-02,2025-11-16,2025-12-18,influenza,Influenza 2025-2026 City Direct Municipality
云南省_玉溪市,云南省_玉溪市,7,3.14,1.77,0,3.0,22,30,83,83,108,16,28,27,37,79,86,22,8,53,25,104,2.857,3.2,0.893,0.802,2.64,0.078,8,61,61,22,C_import_driven,actionable_window,v31_1_cross_pathogen_extension_v1_final_20260624,19,56,83,37,-3,26,True,360.53,360.53,5.89033442675106,high,high,high,2025-09-23,2025-10-01,2025-11-23,2025-12-18,influenza,Influenza 2025-2026 City Direct Municipality
云南省_保山市,云南省_保山市,10,1.6,1.26,0,0.0,23,54,85,85,117,22,29,47,61,82,86,23,31,31,32,95,11.071,12.4,0.743,0.859,3.28,-0.011,31,62,62,23,C_import_driven,actionable_window,v31_1_cross_pathogen_extension_v1_final_20260624,22,70,84,48,-1,16,True,99.12,99.12,4.606350692247354,high,medium,high,2025-09-24,2025-10-25,2025-11-25,2025-12-27,influenza,Influenza 2025-2026 City Direct Municipality
云南省_昭通市,云南省_昭通市,7,3.71,1.93,0,42.0,52,53,82,82,112,51,58,46,54,79,85,52,1,29,30,100,0.357,0.4,0.679,0.754,12.73,0.092,1,30,30,52,C_import_driven,too_short_for_action,v31_1_cross_pathogen_extension_v1_final_20260624,20,62,81,42,-32,9,True,411.97,411.97,6.023378787199993,high,high,high,2025-10-23,2025-10-24,2025-11-22,2025-12-22,influenza,Influenza 2025-2026 City Direct Municipality
云南省_丽江市,云南省_丽江市,30,1.77,1.58,0,0.0,79,84,89,89,123,78,84,77,91,87,90,79,5,5,34,89,1.786,2.0,0.67,0.766,99.99,-0.083,5,10,10,79,C_import_driven,narrow_window,v31_1_cross_pathogen_extension_v1_final_20260624,30,79,89,49,-49,-5,True,124.19,124.19,4.829842363625503,high,medium,high,2025-11-19,2025-11-24,2025-11-29,2026-01-02,influenza,Influenza 2025-2026 City Direct Municipality
云南省_普洱市,云南省_普洱市,7,5.14,2.9,0,0.0,44,47,80,80,162,39,50,40,54,77,83,44,3,33,82,50,1.071,1.2,0.481,0.842,2.81,0.984,3,36,36,44,C_import_driven,narrow_window,v31_1_cross_pathogen_extension_v1_final_20260624,34,51,80,17,-10,4,True,321.27,321.27,5.775381840792562,high,high,high,2025-10-15,2025-10-18,2025-11-20,2026-02-10,influenza,Influenza 2025-2026 City Direct Municipality
云南省_临沧市,云南省_临沧市,7,6.29,3.15,0,4.0,52,55,88,88,120,51,57,48,56,82,94,52,3,33,32,92,1.071,1.2,0.843,0.704,7.92,0.12,3,36,36,52,C_import_driven,narrow_window,v31_1_cross_pathogen_extension_v1_final_20260624,18,62,85,44,-34,7,True,60.45,60.45,4.11829635682596,high,high,high,2025-10-23,2025-10-26,2025-11-28,2025-12-30,influenza,Influenza 2025-2026 City Direct Municipality
西藏自治区_拉萨市,西藏自治区_拉萨市,30,0.27,0.71,43,7.0,58,61,83,83,104,52,64,54,64,81,84,58,3,22,21,108,1.071,1.2,0.534,0.856,4.1,0.707,3,25,25,15,D_unclassified,narrow_window,v31_1_cross_pathogen_extension_v1_final_20260624,56,59,83,3,-2,-2,True,673.53,673.53,6.514013957111214,high,high,high,2025-10-29,2025-11-01,2025-11-23,2025-12-14,influenza,Influenza 2025-2026 City Direct Municipality
西藏自治区_日喀则市,西藏自治区_日喀则市,30,0.13,0.71,0,2.0,46,65,85,85,112,44,52,61,72,82,88,46,19,20,27,100,6.786,7.6,0.698,0.689,4.13,-0.084,19,39,39,46,C_import_driven,actionable_window,v31_1_cross_pathogen_extension_v1_final_20260624,44,53,85,9,-2,-12,True,359.55,359.55,5.88763276689924,high,medium,high,2025-10-17,2025-11-05,2025-11-25,2025-12-22,influenza,Influenza 2025-2026 City Direct Municipality
西藏自治区_昌都市,西藏自治区_昌都市,30,0.1,0.71,56,0.0,83,84,100,100,114,81,89,77,85,99,101,83,1,16,14,98,0.357,0.4,0.749,0.581,3.64,0.072,1,17,17,27,D_unclassified,too_short_for_action,v31_1_cross_pathogen_extension_v1_final_20260624,71,84,100,13,-12,0,True,236.71,236.71,5.471037902551049,high,high,high,2025-11-23,2025-11-24,2025-12-10,2025-12-24,influenza,Influenza 2025-2026 City Direct Municipality
西藏自治区_林芝市,西藏自治区_林芝市,30,0.27,0.71,0,6.0,75,84,93,93,112,73,81,77,91,92,94,75,9,9,19,100,3.214,3.6,0.815,0.502,3.2,-0.445,9,18,18,75,C_import_driven,actionable_window,v31_1_cross_pathogen_extension_v1_final_20260624,63,80,93,17,-12,-4,True,139.04,139.04,4.941951169559014,high,medium,high,2025-11-15,2025-11-24,2025-12-03,2025-12-22,influenza,Influenza 2025-2026 City Direct Municipality
西藏自治区_山南市,西藏自治区_山南市,30,0.03,0.71,7,10.0,83,92,101,101,138,83,89,85,99,99,103,83,9,9,37,74,3.214,3.6,0.642,0.476,7.31,-0.149,9,18,18,76,D_unclassified,actionable_window,v31_1_cross_pathogen_extension_v1_final_20260624,71,74,101,3,-12,-18,True,88576845268.45,1000.0,25.207136320328296,high,medium,high,2025-11-23,2025-12-02,2025-12-11,2026-01-17,influenza,Influenza 2025-2026 City Direct Municipality
西藏自治区_那曲市,西藏自治区_那曲市,30,0.03,0.71,2,5.0,70,82,94,94,158,64,76,75,89,90,98,70,12,12,64,54,4.286,4.8,0.595,0.635,2.74,-0.067,12,24,24,68,C_import_driven,actionable_window,v31_1_cross_pathogen_extension_v1_final_20260624,66,70,94,4,-4,-12,True,59.39,59.39,4.100817713711784,high,medium,high,2025-11-10,2025-11-22,2025-12-04,2026-02-06,influenza,Influenza 2025-2026 City Direct Municipality
陕西省_西安市,陕西省_西安市,7,12.0,3.46,6,0.0,20,43,90,90,117,14,26,36,48,87,92,20,23,47,27,95,8.214,9.2,0.567,0.883,5.35,0.143,23,70,70,14,D_unclassified,actionable_window,v31_1_cross_pathogen_extension_v1_final_20260624,49,53,90,4,29,10,True,783.09,783.09,6.664528147290799,high,high,high,2025-09-21,2025-10-14,2025-11-30,2025-12-27,influenza,Influenza 2025-2026 City Direct Municipality
陕西省_铜川市,陕西省_铜川市,30,0.3,0.71,1,6.0,53,62,72,72,125,51,59,55,69,69,75,53,9,10,53,87,3.214,3.6,0.593,0.525,64.04,-0.679,9,19,19,52,C_import_driven,actionable_window,v31_1_cross_pathogen_extension_v1_final_20260624,40,43,71,3,-13,-19,True,297.04,297.04,5.697217825923998,high,medium,high,2025-10-24,2025-11-02,2025-11-12,2026-01-04,influenza,Influenza 2025-2026 City Direct Municipality
陕西省_宝鸡市,陕西省_宝鸡市,30,1.13,1.06,23,4.0,61,64,93,93,117,60,67,57,66,91,94,61,3,29,24,95,1.071,1.2,0.576,0.866,6.55,0.606,3,32,32,38,D_unclassified,narrow_window,v31_1_cross_pathogen_extension_v1_final_20260624,62,69,92,7,1,5,True,630.69,630.69,6.448402428211802,high,high,high,2025-11-01,2025-11-04,2025-12-03,2025-12-27,influenza,Influenza 2025-2026 City Direct Municipality
陕西省_咸阳市,陕西省_咸阳市,7,3.29,2.81,29,36.0,45,48,88,88,119,39,51,41,50,85,90,45,3,40,31,93,1.071,1.2,0.666,0.847,2.52,0.477,3,43,43,16,D_unclassified,narrow_window,v31_1_cross_pathogen_extension_v1_final_20260624,46,59,87,13,1,11,True,423.57,423.57,6.051084580389156,high,high,high,2025-10-16,2025-10-19,2025-11-28,2025-12-29,influenza,Influenza 2025-2026 City Direct Municipality
陕西省_渭南市,陕西省_渭南市,22,1.82,1.4,32,0.0,58,63,89,89,115,57,64,56,66,87,90,58,5,26,26,97,1.786,2.0,0.474,0.842,32.02,0.199,5,31,31,26,D_unclassified,narrow_window,v31_1_cross_pathogen_extension_v1_final_20260624,60,73,88,13,2,10,True,808.68,808.68,6.6966330165102725,high,high,high,2025-10-29,2025-11-03,2025-11-29,2025-12-25,influenza,Influenza 2025-2026 City Direct Municipality
陕西省_延安市,陕西省_延安市,7,2.57,1.6,0,0.0,25,30,87,87,106,19,31,27,37,86,88,25,5,57,19,106,1.786,2.0,0.688,0.791,2.76,0.163,5,62,62,25,C_import_driven,narrow_window,v31_1_cross_pathogen_extension_v1_final_20260624,55,62,87,7,30,32,True,222.32,222.32,5.408593061012355,high,high,high,2025-09-26,2025-10-01,2025-11-27,2025-12-16,influenza,Influenza 2025-2026 City Direct Municipality
陕西省_汉中市,陕西省_汉中市,22,1.41,1.19,43,50.0,65,68,98,98,128,63,71,61,70,97,100,65,3,30,30,84,1.071,1.2,0.538,0.79,22.84,0.623,3,33,33,22,D_unclassified,narrow_window,v31_1_cross_pathogen_extension_v1_final_20260624,61,68,98,7,-4,0,True,1006.44,1000.0,6.915165649345159,high,high,high,2025-11-05,2025-11-08,2025-12-08,2026-01-07,influenza,Influenza 2025-2026 City Direct Municipality
陕西省_榆林市,陕西省_榆林市,10,2.6,1.61,0,4.0,60,73,87,87,110,59,66,66,80,85,88,60,13,14,23,102,4.643,5.2,0.597,0.552,20.86,-0.339,13,27,27,60,C_import_driven,actionable_window,v31_1_cross_pathogen_extension_v1_final_20260624,21,60,87,39,-39,-13,True,351.45,351.45,5.864917464892737,high,medium,high,2025-10-31,2025-11-13,2025-11-27,2025-12-20,influenza,Influenza 2025-2026 City Direct Municipality
陕西省_安康市,陕西省_安康市,30,2.07,1.86,0,26.0,54,57,93,93,130,51,60,50,60,90,95,54,3,36,37,82,1.071,1.2,0.518,0.763,11.86,0.437,3,39,39,54,C_import_driven,narrow_window,v31_1_cross_pathogen_extension_v1_final_20260624,31,76,92,45,-23,19,True,412.76,412.76,6.02528404465382,high,high,high,2025-10-25,2025-10-28,2025-12-03,2026-01-09,influenza,Influenza 2025-2026 City Direct Municipality
陕西省_商洛市,陕西省_商洛市,30,0.57,0.76,34,0.0,59,62,96,96,123,53,65,55,65,94,98,59,3,34,27,89,1.071,1.2,0.468,0.785,16.16,0.392,3,37,37,25,D_unclassified,narrow_window,v31_1_cross_pathogen_extension_v1_final_20260624,60,73,96,13,1,11,True,646.38,646.38,6.4729314598308765,high,high,high,2025-10-30,2025-11-02,2025-12-06,2026-01-02,influenza,Influenza 2025-2026 City Direct Municipality
甘肃省_兰州市,甘肃省_兰州市,7,13.0,5.29,0,0.0,48,51,83,83,118,48,54,44,52,81,86,48,3,32,35,94,1.071,1.2,0.511,0.68,2.93,0.178,3,35,35,48,C_import_driven,narrow_window,v31_1_cross_pathogen_extension_v1_final_20260624,46,49,83,3,-2,-2,True,34.34,34.34,3.5651219660573408,high,high,high,2025-10-19,2025-10-22,2025-11-23,2025-12-28,influenza,Influenza 2025-2026 City Direct Municipality
甘肃省_嘉峪关市,甘肃省_嘉峪关市,30,2.17,1.47,0,49.0,59,68,77,77,143,53,65,61,75,74,79,59,9,9,66,69,3.214,3.6,0.759,0.577,3.1,-0.415,9,18,18,59,C_import_driven,actionable_window,v31_1_cross_pathogen_extension_v1_final_20260624,49,52,76,3,-10,-16,True,24.86,24.86,3.252739373813513,high,medium,high,2025-10-30,2025-11-08,2025-11-17,2026-01-22,influenza,Influenza 2025-2026 City Direct Municipality
甘肃省_金昌市,甘肃省_金昌市,7,2.43,1.68,0,0.0,52,64,76,76,98,48,58,57,71,74,77,52,12,12,22,114,4.286,4.8,0.534,0.487,2.73,-0.256,12,24,24,52,C_import_driven,actionable_window,v31_1_cross_pathogen_extension_v1_final_20260624,47,50,75,3,-5,-14,True,61.75,61.75,4.139127516273106,high,medium,high,2025-10-23,2025-11-04,2025-11-16,2025-12-08,influenza,Influenza 2025-2026 City Direct Municipality
甘肃省_白银市,甘肃省_白银市,7,6.43,2.54,0,0.0,56,69,82,82,117,55,62,62,76,80,84,56,13,13,35,95,4.643,5.2,0.905,0.547,2.91,-0.387,13,26,26,56,C_import_driven,actionable_window,v31_1_cross_pathogen_extension_v1_final_20260624,45,66,82,21,-11,-3,True,43.63,43.63,3.7984488308671276,high,medium,high,2025-10-27,2025-11-09,2025-11-22,2025-12-27,influenza,Influenza 2025-2026 City Direct Municipality
甘肃省_天水市,甘肃省_天水市,7,9.29,3.33,0,43.0,49,70,92,92,119,45,55,63,77,91,95,49,21,22,27,93,7.5,8.4,0.664,0.659,4.02,-0.302,21,43,43,49,C_import_driven,actionable_window,v31_1_cross_pathogen_extension_v1_final_20260624,16,71,93,55,-33,1,True,66.74,66.74,4.215637410872056,high,medium,high,2025-10-20,2025-11-10,2025-12-02,2025-12-29,influenza,Influenza 2025-2026 City Direct Municipality
甘肃省_武威市,甘肃省_武威市,7,3.71,2.19,0,0.0,55,58,82,82,110,54,61,51,59,80,83,55,3,24,28,102,1.071,1.2,0.57,0.93,2.68,0.456,3,27,27,55,C_import_driven,narrow_window,v31_1_cross_pathogen_extension_v1_final_20260624,58,64,81,6,3,6,True,59.3,59.3,4.099379205197024,high,high,high,2025-10-26,2025-10-29,2025-11-22,2025-12-20,influenza,Influenza 2025-2026 City Direct Municipality
甘肃省_张掖市,甘肃省_张掖市,7,3.57,1.89,0,0.0,50,51,71,71,107,48,56,44,52,70,73,50,1,20,36,105,0.357,0.4,0.671,0.818,2.97,0.229,1,21,21,50,C_import_driven,too_short_for_action,v31_1_cross_pathogen_extension_v1_final_20260624,16,58,72,42,-34,7,True,46.94,46.94,3.8698479010018483,high,high,high,2025-10-21,2025-10-22,2025-11-11,2025-12-17,influenza,Influenza 2025-2026 City Direct Municipality
甘肃省_平凉市,甘肃省_平凉市,8,2.12,1.9,0,4.0,65,68,96,96,122,62,71,61,71,95,98,65,3,28,26,90,1.071,1.2,0.532,0.89,4.43,0.797,3,31,31,65,C_import_driven,narrow_window,v31_1_cross_pathogen_extension_v1_final_20260624,19,74,96,55,-46,6,True,75.37,75.37,4.335570294954051,high,high,high,2025-11-05,2025-11-08,2025-12-06,2026-01-01,influenza,Influenza 2025-2026 City Direct Municipality
甘肃省_酒泉市,甘肃省_酒泉市,7,3.29,4.03,0,45.0,56,65,74,74,103,50,57,61,72,72,76,56,9,9,29,109,3.214,3.6,0.69,0.694,2.56,-0.121,9,18,18,56,C_import_driven,actionable_window,v31_1_cross_pathogen_extension_v1_final_20260624,38,56,74,18,-18,-9,True,27.91,27.91,3.364307066992632,high,medium,high,2025-10-27,2025-11-05,2025-11-14,2025-12-13,influenza,Influenza 2025-2026 City Direct Municipality
甘肃省_庆阳市,甘肃省_庆阳市,7,5.86,2.42,0,64.0,69,72,91,91,115,68,75,65,73,90,92,69,3,19,24,97,1.071,1.2,0.628,0.654,7.93,0.136,3,22,22,69,C_import_driven,narrow_window,v31_1_cross_pathogen_extension_v1_final_20260624,18,67,91,49,-51,-5,True,129.19,129.19,4.869030201922109,high,high,high,2025-11-09,2025-11-12,2025-12-01,2025-12-25,influenza,Influenza 2025-2026 City Direct Municipality
甘肃省_定西市,甘肃省_定西市,7,22.86,10.09,0,0.0,74,79,84,84,115,70,80,72,86,82,86,74,5,5,31,97,1.786,2.0,0.599,0.706,26.79,-0.148,5,10,10,74,C_import_driven,narrow_window,v31_1_cross_pathogen_extension_v1_final_20260624,49,70,84,21,-25,-9,True,65.21,65.21,4.192850112980622,high,medium,high,2025-11-14,2025-11-19,2025-11-24,2025-12-25,influenza,Influenza 2025-2026 City Direct Municipality
甘肃省_陇南市,甘肃省_陇南市,7,9.57,3.33,0,0.0,69,79,89,89,118,68,75,72,86,86,92,69,10,10,29,94,3.571,4.0,0.553,0.676,21.78,-0.138,10,20,20,69,C_import_driven,actionable_window,v31_1_cross_pathogen_extension_v1_final_20260624,53,73,89,20,-16,-6,True,70.57,70.57,4.270631937053974,high,medium,high,2025-11-09,2025-11-19,2025-11-29,2025-12-28,influenza,Influenza 2025-2026 City Direct Municipality
青海省_西宁市,青海省_西宁市,7,10.29,3.21,0,5.0,49,52,78,78,131,48,55,45,53,75,81,49,3,26,53,81,1.071,1.2,0.562,0.729,3.53,0.34,3,29,29,49,C_import_driven,narrow_window,v31_1_cross_pathogen_extension_v1_final_20260624,20,51,78,31,-29,-1,True,148.06,148.06,5.004351076569027,high,high,high,2025-10-20,2025-10-23,2025-11-18,2026-01-10,influenza,Influenza 2025-2026 City Direct Municipality
青海省_海东市,青海省_海东市,7,3.0,2.14,0,53.0,66,77,88,88,114,64,72,70,84,86,90,66,11,11,26,98,3.929,4.4,0.499,0.691,2.91,-0.057,11,22,22,66,C_import_driven,actionable_window,v31_1_cross_pathogen_extension_v1_final_20260624,63,74,88,11,-3,-3,True,48.76,48.76,3.90723644072024,high,medium,high,2025-11-06,2025-11-17,2025-11-28,2025-12-24,influenza,Influenza 2025-2026 City Direct Municipality
宁夏回族自治区_银川市,宁夏回族自治区_银川市,8,2.38,2.0,0,2.0,57,58,90,90,132,54,59,51,61,87,93,57,1,32,42,80,0.357,0.4,0.706,0.853,2.67,0.148,1,33,33,57,C_import_driven,too_short_for_action,v31_1_cross_pathogen_extension_v1_final_20260624,45,71,90,26,-12,13,True,28.69,28.69,3.3908988537152087,high,high,high,2025-10-28,2025-10-29,2025-11-30,2026-01-11,influenza,Influenza 2025-2026 City Direct Municipality
宁夏回族自治区_石嘴山市,宁夏回族自治区_石嘴山市,28,1.86,2.08,0,0.0,79,86,94,94,140,73,85,79,93,91,96,79,7,8,46,72,2.5,2.8,0.711,0.66,4.17,-0.149,7,15,15,79,C_import_driven,actionable_window,v31_1_cross_pathogen_extension_v1_final_20260624,73,81,94,8,-6,-5,True,12.27,12.27,2.585472653542893,high,medium,high,2025-11-19,2025-11-26,2025-12-04,2026-01-19,influenza,Influenza 2025-2026 City Direct Municipality
宁夏回族自治区_吴忠市,宁夏回族自治区_吴忠市,30,0.87,1.18,0,0.0,66,75,85,85,113,65,70,68,82,84,88,66,9,10,28,99,3.214,3.6,0.681,0.618,15.41,-0.098,9,19,19,66,C_import_driven,actionable_window,v31_1_cross_pathogen_extension_v1_final_20260624,55,71,86,16,-11,-4,True,57.89,57.89,4.075663257869568,high,medium,high,2025-11-06,2025-11-15,2025-11-25,2025-12-23,influenza,Influenza 2025-2026 City Direct Municipality
宁夏回族自治区_固原市,宁夏回族自治区_固原市,30,0.7,0.84,6,15.0,61,64,92,92,115,59,67,57,67,89,95,61,3,28,23,97,1.071,1.2,0.606,0.748,2.68,0.324,3,31,31,55,D_unclassified,narrow_window,v31_1_cross_pathogen_extension_v1_final_20260624,57,68,92,11,-4,4,True,274.61,274.61,5.618975679986809,high,high,high,2025-11-01,2025-11-04,2025-12-02,2025-12-25,influenza,Influenza 2025-2026 City Direct Municipality
宁夏回族自治区_中卫市,宁夏回族自治区_中卫市,30,0.9,1.14,0,0.0,70,78,87,87,118,68,76,71,85,84,89,70,8,9,31,94,2.857,3.2,0.67,0.564,14.48,-0.184,8,17,17,70,C_import_driven,actionable_window,v31_1_cross_pathogen_extension_v1_final_20260624,49,59,87,10,-21,-19,True,37.16,37.16,3.64186044244064,high,medium,high,2025-11-10,2025-11-18,2025-11-27,2025-12-28,influenza,Influenza 2025-2026 City Direct Municipality
新疆维吾尔自治区_乌鲁木齐市,新疆维吾尔自治区_乌鲁木齐市,7,7.29,3.1,0,,33,36,58,58,99,27,39,29,38,57,59,33,3,22,41,113,1.071,1.2,0.5,0.83,3.69,0.716,3,25,25,33,C_import_driven,narrow_window,v31_1_cross_pathogen_extension_v1_final_20260624,24,39,58,15,-9,3,True,342.29,342.29,5.8385778676443865,high,high,high,2025-10-04,2025-10-07,2025-10-29,2025-12-09,influenza,Influenza 2025-2026 City Direct Municipality
新疆维吾尔自治区_克拉玛依市,新疆维吾尔自治区_克拉玛依市,30,0.13,0.71,0,,42,51,61,61,93,36,42,44,58,59,62,42,9,10,32,119,3.214,3.6,0.572,0.726,2.65,-0.005,9,19,19,42,C_import_driven,actionable_window,v31_1_cross_pathogen_extension_v1_final_20260624,37,40,61,3,-5,-11,True,113.49,113.49,4.740526069989251,high,medium,high,2025-10-13,2025-10-22,2025-11-01,2025-12-03,influenza,Influenza 2025-2026 City Direct Municipality
新疆维吾尔自治区_吐鲁番市,新疆维吾尔自治区_吐鲁番市,30,0.27,0.71,0,,45,54,63,63,91,41,46,50,61,61,64,45,9,9,28,121,3.214,3.6,0.907,0.592,2.92,-0.034,9,18,18,45,C_import_driven,actionable_window,v31_1_cross_pathogen_extension_v1_final_20260624,34,50,63,16,-11,-4,True,167.51,167.51,5.127005524793574,high,medium,high,2025-10-16,2025-10-25,2025-11-03,2025-12-01,influenza,Influenza 2025-2026 City Direct Municipality
新疆维吾尔自治区_哈密市,新疆维吾尔自治区_哈密市,30,0.77,1.02,1,,46,55,64,64,95,40,52,48,62,62,65,46,9,9,31,117,3.214,3.6,0.801,0.507,3.43,-0.366,9,18,18,45,C_import_driven,actionable_window,v31_1_cross_pathogen_extension_v1_final_20260624,30,41,63,11,-16,-14,True,179.25,179.25,5.1943198382959235,high,medium,high,2025-10-17,2025-10-26,2025-11-04,2025-12-05,influenza,Influenza 2025-2026 City Direct Municipality
